County,State,Obama,Romney
Autauga ,alabama,26.6,72.6
Baldwin ,alabama,21.6,77.4
Barbour ,alabama,51.3,48.3
Bibb ,alabama,26.2,73.1
Blount ,alabama,12.3,86.5
Bullock ,alabama,76.3,23.5
Butler ,alabama,46.1,53.6
Calhoun ,alabama,33.5,65.5
Chambers ,alabama,47.1,52.2
Cherokee ,alabama,21.8,76.8
Chilton ,alabama,19.5,79.8
Choctaw ,alabama,47.5,52.1
Clarke ,alabama,45.7,54
Clay ,alabama,26.7,72.3
Cleburne ,alabama,15.4,83.6
Coffee ,alabama,24.8,74.2
Colbert ,alabama,39.2,59.6
Conecuh ,alabama,50.6,49
Coosa ,alabama,41.7,57.8
Covington ,alabama,20.5,78.8
Crenshaw ,alabama,31.9,67.5
Cullman ,alabama,14.6,84.2
Dale ,alabama,28.5,70.6
Dallas ,alabama,69.7,30
DeKalb ,alabama,22,76.8
Elmore ,alabama,25.2,74
Escambia ,alabama,36.9,62.5
Etowah ,alabama,30.1,68.5
Fayette ,alabama,22.8,76.3
Franklin ,alabama,29.2,69.7
Geneva ,alabama,18,81
Greene ,alabama,84.7,15
Hale ,alabama,62.6,37.1
Henry ,alabama,35,64.4
Houston ,alabama,29.5,69.8
Jackson ,alabama,28.3,70.2
Jefferson ,alabama,52.6,46.6
Lamar ,alabama,23,76.2
Lauderdale ,alabama,33.9,64.8
Lawrence ,alabama,35.9,62.9
Lee ,alabama,39.3,59.2
Limestone ,alabama,27.7,71.4
Lowndes ,alabama,76.4,23.3
Macon ,alabama,87.1,12.7
Madison ,alabama,40,58.6
Marengo ,alabama,53.5,46.2
Marion ,alabama,18.6,80.1
Marshall ,alabama,19.3,79.4
Mobile ,alabama,45,54.3
Monroe ,alabama,45.9,53.7
Montgomery ,alabama,61.9,37.6
Morgan ,alabama,27.2,71.8
Perry ,alabama,74.8,24.8
Pickens ,alabama,46.3,53.3
Pike ,alabama,42.7,56.5
Randolph ,alabama,29.6,69.5
Russell ,alabama,55.6,43.9
Shelby ,alabama,21.6,77.3
St. Clair ,alabama,16.5,82.6
Sumter ,alabama,77.2,22.6
Talladega ,alabama,41.7,57.7
Tallapoosa ,alabama,33.5,65.9
Tuscaloosa ,alabama,40.8,58.2
Walker ,alabama,23,75.9
Washington ,alabama,33.9,65.6
Wilcox ,alabama,74.3,25.6
Winston ,alabama,13.2,85.6
Alaska,alaska,41.3,55.3
Apache ,arizona,66.4,31.9
Cochise ,arizona,37.4,60.7
Coconino ,arizona,56.3,41.4
Gila ,arizona,35.6,62.7
Graham ,arizona,30.4,68.1
Greenlee ,arizona,44.1,53.5
La Paz ,arizona,32.9,65.1
Maricopa ,arizona,43.2,55.1
Mohave ,arizona,27.9,70.3
Navajo ,arizona,45.4,53.3
Pima ,arizona,52.2,46.3
Pinal ,arizona,40.6,57.7
Santa Cruz ,arizona,68.3,30.5
Yavapai ,arizona,33.7,64.5
Yuma ,arizona,43,55.8
Arkansas ,arkansas,37.8,60
Ashley ,arkansas,36.1,61.5
Baxter ,arkansas,26.7,70.8
Benton ,arkansas,28.7,68.9
Boone ,arkansas,24.5,72.5
Bradley ,arkansas,39.8,58.3
Calhoun ,arkansas,30.4,67.1
Carroll ,arkansas,36.3,60.2
Chicot ,arkansas,60.7,38.3
Clark ,arkansas,45.3,51.7
Clay ,arkansas,34,63.1
Cleburne ,arkansas,22.5,74.6
Cleveland ,arkansas,25.9,70.8
Columbia ,arkansas,37.6,61.2
Conway ,arkansas,38.9,58.4
Craighead ,arkansas,33.2,64.2
Crawford ,arkansas,23.7,73.6
Crittenden ,arkansas,58.6,39.9
Cross ,arkansas,34.1,63.9
Dallas ,arkansas,43.4,54
Desha ,arkansas,55.5,42.6
Drew ,arkansas,39.6,58.6
Faulkner ,arkansas,32.8,64.5
Franklin ,arkansas,26.4,70.8
Fulton ,arkansas,32.1,65.2
Garland ,arkansas,33.9,63.8
Grant ,arkansas,22.6,74.5
Greene ,arkansas,29.1,65.9
Hempstead ,arkansas,35.6,61.9
Hot Spring ,arkansas,34,63.1
Howard ,arkansas,33,64.8
Independence ,arkansas,26.5,70.4
Izard ,arkansas,29.4,67.2
Jackson ,arkansas,39.2,57.4
Jefferson ,arkansas,63.8,34.8
Johnson ,arkansas,34.5,62.6
Lafayette ,arkansas,40.1,58.5
Lawrence ,arkansas,32.3,63.8
Lee ,arkansas,61.5,37.4
Lincoln ,arkansas,38.2,59
Little River ,arkansas,30.7,67
Logan ,arkansas,27.4,69.3
Lonoke ,arkansas,22.5,75
Madison ,arkansas,32,64.9
Marion ,arkansas,28.8,67.9
Miller ,arkansas,29.5,69.3
Mississippi ,arkansas,48.3,49.4
Monroe ,arkansas,49,49.1
Montgomery ,arkansas,27,69.6
Nevada ,arkansas,38.8,59
Newton ,arkansas,27.1,68.5
Ouachita ,arkansas,44.9,53.5
Perry ,arkansas,30.1,65.5
Phillips ,arkansas,65.6,32.8
Pike ,arkansas,22.4,75.2
Poinsett ,arkansas,31.6,65.8
Polk ,arkansas,20.2,77.1
Pope ,arkansas,25.1,72.3
Prairie ,arkansas,28,68.6
Pulaski ,arkansas,54.7,43.3
Randolph ,arkansas,34.3,62.2
Saint Francis ,arkansas,58,41
Saline ,arkansas,27.3,70
Scott ,arkansas,24.6,72.3
Searcy ,arkansas,22,73.1
Sebastian ,arkansas,30.2,67.3
Sevier ,arkansas,24.1,72.4
Sharp ,arkansas,28.7,67.6
Stone ,arkansas,25.3,70.5
Union ,arkansas,36,62.3
Van Buren ,arkansas,28.4,67.9
Washington ,arkansas,40.1,56.3
White ,arkansas,21.7,75.5
Woodruff ,arkansas,49.9,45.7
Yell ,arkansas,28.8,67.7
Alameda ,california,78.7,18.4
Alpine ,california,60.1,36.5
Amador ,california,39.2,58.2
Butte ,california,46.4,50.3
Calaveras ,california,40.1,57.1
Colusa ,california,38.3,60
Contra Costa ,california,65.7,32.1
Del Norte ,california,42.8,53.6
El Dorado ,california,39.6,57.8
Fresno ,california,47.6,50.6
Glenn ,california,35.8,61.3
Humboldt ,california,60,33.8
Imperial ,california,63.6,34.8
Inyo ,california,42.7,54.5
Kern ,california,39.4,58.4
Kings ,california,40.8,57
Lake ,california,56.3,39.8
Lassen ,california,28.7,68.5
Los Angeles ,california,68.6,29.1
Madera ,california,39.2,58.7
Marin ,california,74,23.5
Mariposa ,california,39.5,56.8
Mendocino ,california,66.2,28.6
Merced ,california,51.7,46.3
Modoc ,california,27.9,69.7
Mono ,california,52.3,44.8
Monterey ,california,65.9,31.9
Napa ,california,61.7,36
Nevada ,california,46.2,50.9
Orange ,california,44.8,53
Placer ,california,38.9,58.9
Plumas ,california,40.2,57.4
Riverside ,california,48.8,49.2
Sacramento ,california,57.2,40.4
San Benito ,california,57.6,40.4
San Bernardino ,california,51.6,46.2
San Diego ,california,51.5,46.4
San Francisco ,california,83.4,13.3
San Joaquin ,california,54.5,43.5
San Luis Obispo ,california,49,48
San Mateo ,california,71.3,26.6
Santa Barbara ,california,57.2,40.1
Santa Clara ,california,69.8,27.7
Santa Cruz ,california,75.2,21.1
Shasta ,california,33.9,63.3
Sierra ,california,36.6,59.4
Siskiyou ,california,40.6,56.2
Solano ,california,62.9,34.9
Sonoma ,california,70.8,26
Stanislaus ,california,49.2,48.4
Sutter ,california,38.1,59.9
Tehama ,california,34.8,62.2
Trinity ,california,47.1,48.2
Tulare ,california,40.1,57.9
Tuolumne ,california,40.6,56.5
Ventura ,california,51.7,46.1
Yolo ,california,65.2,32
Yuba ,california,38.8,58.3
Adams ,colorado,56.3,41.2
Alamosa ,colorado,56.7,40.4
Arapahoe ,colorado,53.2,44.8
Archuleta ,colorado,39.7,57.6
Baca ,colorado,22,74.1
Bent ,colorado,41.4,56
Boulder ,colorado,69.6,28
Broomfield ,colorado,51.7,45.9
Chaffee ,colorado,48.6,48.4
Cheyenne ,colorado,15.5,82.1
Clear Creek ,colorado,54.2,42.4
Conejos ,colorado,54.1,44.5
Costilla ,colorado,73,24.4
Crowley ,colorado,35.6,61.5
Custer ,colorado,32,65.9
Delta ,colorado,29,68.6
Denver ,colorado,73.5,24.4
Dolores ,colorado,27,68.8
Douglas ,colorado,36,62.6
Eagle ,colorado,56.3,41.6
El Paso ,colorado,38.1,59.4
Elbert ,colorado,25.3,72.5
Fremont ,colorado,32.8,64.6
Garfield ,colorado,46.4,51.3
Gilpin ,colorado,56.7,40.4
Grand ,colorado,44.9,52.1
Gunnison ,colorado,57.7,39.3
Hinsdale ,colorado,38.1,58.9
Huerfano ,colorado,52.4,44.6
Jackson ,colorado,25.5,70.8
Jefferson ,colorado,51,46.6
Kiowa ,colorado,14.4,82.5
Kit Carson ,colorado,22.4,75.6
La Plata ,colorado,52.9,44.1
Lake ,colorado,60.4,36.3
Larimer ,colorado,51.4,46.1
Las Animas ,colorado,50.2,47.5
Lincoln ,colorado,23.9,74
Logan ,colorado,29.6,67.8
Mesa ,colorado,32.5,65.3
Mineral ,colorado,44.8,52.9
Moffat ,colorado,21.4,76.4
Montezuma ,colorado,36.7,60.3
Montrose ,colorado,30.7,67.1
Morgan ,colorado,35.9,61.7
Otero ,colorado,44.4,53.7
Ouray ,colorado,51.5,46.2
Park ,colorado,41.1,56.2
Phillips ,colorado,26,72.3
Pitkin ,colorado,68,30.1
Prowers ,colorado,31.1,66.5
Pueblo ,colorado,55.4,42.3
Rio Blanco ,colorado,16.9,80.9
Rio Grande ,colorado,44.5,53
Routt ,colorado,56.7,41.1
Saguache ,colorado,63,33.5
San Juan ,colorado,52.6,41.9
San Miguel ,colorado,70.2,27.1
Sedgwick ,colorado,31.3,65.9
Summit ,colorado,61,36.5
Teller ,colorado,32.1,65.1
Washington ,colorado,18,80.2
Weld ,colorado,42.1,55.3
Yuma ,colorado,21.2,76.6
Fairfield ,connecticut,55,44.1
Hartford ,connecticut,62.2,36.6
Litchfield ,connecticut,47.4,51.1
Middlesex ,connecticut,57.3,41.4
New Haven ,connecticut,61.9,37.1
New London ,connecticut,58.3,40.1
Tolland ,connecticut,55.5,42.9
Windham ,connecticut,55.7,42.4
Kent ,delaware,51.7,46.8
New Castle ,delaware,66.3,32.2
Sussex ,delaware,42.9,55.9
Alachua ,florida,57.9,40.5
Baker ,florida,20.3,79
Bay ,florida,27.6,71.2
Bradford ,florida,28.6,70.6
Brevard ,florida,43.1,55.8
Broward ,florida,67.2,32.3
Calhoun ,florida,27,71
Charlotte ,florida,42.4,56.7
Citrus ,florida,38.5,60.4
Clay ,florida,26.7,72.5
Collier ,florida,34.7,64.7
Columbia ,florida,31.2,67.8
DeSoto ,florida,42.3,56.6
Dixie ,florida,25.9,72.8
Duval ,florida,47.8,51.4
Escambia ,florida,39.2,59.7
Flagler ,florida,45.9,53.3
Franklin ,florida,33.7,65.2
Gadsden ,florida,70.1,29.5
Gilchrist ,florida,23.8,74.8
Glades ,florida,40.2,58.8
Gulf ,florida,28.3,70.3
Hamilton ,florida,41.2,58
Hardee ,florida,34.1,65
Hendry ,florida,46.6,52.6
Hernando ,florida,45.2,53.7
Highlands ,florida,38,61.1
Hillsborough ,florida,52.8,46.2
Holmes ,florida,15.3,83.6
Indian River ,florida,38.5,60.8
Jackson ,florida,35.1,64.1
Jefferson ,florida,50.5,48.8
Lafayette ,florida,20.2,78.5
Lake ,florida,41,58.1
Lee ,florida,41.4,57.9
Leon ,florida,61.3,37.6
Levy ,florida,33.3,65.5
Liberty ,florida,28.7,70.1
Madison ,florida,47.9,51.4
Manatee ,florida,43.3,55.8
Marion ,florida,41.4,57.7
Martin ,florida,38.2,61.1
Miami-Dade ,florida,61.6,37.9
Monroe ,florida,49.7,49.3
Nassau ,florida,25.3,73.8
Okaloosa ,florida,24.7,74
Okeechobee ,florida,39.4,59.5
Orange ,florida,58.7,40.4
Osceola ,florida,61.9,37.4
Palm Beach ,florida,58.2,41.2
Pasco ,florida,46,52.7
Pinellas ,florida,52.2,46.6
Polk ,florida,46.1,52.9
Putnam ,florida,37.2,61.7
Santa Rosa ,florida,23.1,75.7
Sarasota ,florida,45.8,53.3
Seminole ,florida,46.2,52.7
St. Johns ,florida,30.6,68.4
St. Lucie ,florida,53.5,45.7
Sumter ,florida,32.3,67.2
Suwannee ,florida,26.9,71.9
Taylor ,florida,30.3,68.5
Union ,florida,24.8,73.8
Volusia ,florida,48.9,50.1
Wakulla ,florida,35.3,63.4
Walton ,florida,23.4,75.4
Washington ,florida,25.6,73.1
Appling ,georgia,24.8,73.9
Atkinson ,georgia,32,66.8
Bacon ,georgia,20.1,78.7
Baker ,georgia,49.9,49.5
Baldwin ,georgia,52.2,46.8
Banks ,georgia,12.6,86.5
Barrow ,georgia,23.9,74.4
Bartow ,georgia,23.5,75.1
Ben Hill ,georgia,42.2,57.1
Berrien ,georgia,20.5,78.2
Bibb ,georgia,59.6,39.6
Bleckley ,georgia,25.8,73.1
Brantley ,georgia,15.6,82.7
Brooks ,georgia,46.5,52.8
Bryan ,georgia,27.6,71.2
Bulloch ,georgia,39.8,58.9
Burke ,georgia,55.3,44
Butts ,georgia,31.6,67.3
Calhoun ,georgia,59.3,40.4
Camden ,georgia,35.4,63.1
Candler ,georgia,32.8,66.5
Carroll ,georgia,30.5,68.2
Catoosa ,georgia,22.7,75.5
Charlton ,georgia,31.8,67.2
Chatham ,georgia,55.5,43.5
Chattahoochee ,georgia,49,49.4
Chattooga ,georgia,28.5,69.7
Cherokee ,georgia,20.2,78
Clarke ,georgia,63.2,34.4
Clay ,georgia,61.5,38.3
Clayton ,georgia,84.8,14.7
Clinch ,georgia,34.5,64.6
Cobb ,georgia,42.9,55.5
Coffee ,georgia,35,64
Colquitt ,georgia,29.8,69.4
Columbia ,georgia,27.9,70.9
Cook ,georgia,33.9,65.3
Coweta ,georgia,27.3,71.4
Crawford ,georgia,33.2,65.7
Crisp ,georgia,42.8,56.6
Dade ,georgia,23.4,74.3
Dawson ,georgia,12.1,86.4
Decatur ,georgia,43.8,55.6
DeKalb ,georgia,77.9,21.1
Dodge ,georgia,31.6,67.4
Dooly ,georgia,53.1,46.2
Dougherty ,georgia,69.3,30.2
Douglas ,georgia,51.5,47.5
Early ,georgia,51.6,47.8
Echols ,georgia,15.7,83.2
Effingham ,georgia,23.8,75
Elbert ,georgia,39.1,59.7
Emanuel ,georgia,36.2,63.1
Evans ,georgia,35.6,63.7
Fannin ,georgia,20.3,78.5
Fayette ,georgia,33.7,65.1
Floyd ,georgia,29.4,69.3
Forsyth ,georgia,17.8,80.7
Franklin ,georgia,19.3,78.8
Fulton ,georgia,64.2,34.6
Gilmer ,georgia,17.8,81
Glascock ,georgia,13.2,85.1
Glynn ,georgia,36.1,63.1
Gordon ,georgia,20.4,78.2
Grady ,georgia,36.4,63.1
Greene ,georgia,38.4,61
Gwinnett ,georgia,44.6,54
Habersham ,georgia,15.7,83.2
Hall ,georgia,21.1,77.5
Hancock ,georgia,81,18.7
Haralson ,georgia,17.2,81.4
Harris ,georgia,26.8,72.3
Hart ,georgia,30.2,68.6
Heard ,georgia,22.8,75.8
Henry ,georgia,47.9,51.2
Houston ,georgia,39.1,59.8
Irwin ,georgia,30.8,68.4
Jackson ,georgia,17.9,80.8
Jasper ,georgia,30.6,68.6
Jeff Davis ,georgia,23.8,74.9
Jefferson ,georgia,58.3,41.2
Jenkins ,georgia,43.9,55.6
Johnson ,georgia,34.6,64.7
Jones ,georgia,35.3,64
Lamar ,georgia,34.3,64.5
Lanier ,georgia,37.5,61.3
Laurens ,georgia,38.3,61
Lee ,georgia,23.4,75.8
Liberty ,georgia,64.6,34.5
Lincoln ,georgia,35.8,63.4
Long ,georgia,37.9,60.8
Lowndes ,georgia,44.3,54.8
Lumpkin ,georgia,18.8,79.4
Macon ,georgia,67.2,32.3
Madison ,georgia,22.4,76.2
Marion ,georgia,44.6,54.7
McDuffie ,georgia,42.2,57.1
McIntosh ,georgia,45.2,53.8
Meriwether ,georgia,46.7,52.4
Miller ,georgia,30.6,68.7
Mitchell ,georgia,49.3,50.2
Monroe ,georgia,30.8,68.1
Montgomery ,georgia,29.6,69.5
Morgan ,georgia,30.5,68.5
Murray ,georgia,22.7,75.3
Muscogee ,georgia,60.3,39
Newton ,georgia,50.5,48.5
Oconee ,georgia,24.9,73.4
Oglethorpe ,georgia,30.6,67.9
Paulding ,georgia,27.6,71.2
Peach ,georgia,53.4,45.9
Pickens ,georgia,15.6,83.2
Pierce ,georgia,16.4,82.8
Pike ,georgia,16.7,82.2
Polk ,georgia,26.6,72.2
Pulaski ,georgia,33.1,66.4
Putnam ,georgia,31.7,67.5
Quitman ,georgia,54.3,45.2
Rabun ,georgia,20.9,77.3
Randolph ,georgia,58,41.4
Richmond ,georgia,66.5,32.7
Rockdale ,georgia,57.8,41.4
Schley ,georgia,25.6,73.6
Screven ,georgia,45.4,53.9
Seminole ,georgia,39.2,59.6
Spalding ,georgia,39.4,59.5
Stephens ,georgia,22.4,76.1
Stewart ,georgia,63.6,36
Sumter ,georgia,53.9,45.4
Talbot ,georgia,64.9,34.4
Taliaferro ,georgia,66.2,33.4
Tattnall ,georgia,28.4,70.6
Taylor ,georgia,44.4,55.1
Telfair ,georgia,41.6,57.2
Terrell ,georgia,57.8,41.7
Thomas ,georgia,40.4,58.9
Tift ,georgia,33.4,66
Toombs ,georgia,29.4,69.8
Towns ,georgia,20.5,78.5
Treutlen ,georgia,39,60.1
Troup ,georgia,40.6,58.4
Turner ,georgia,42.4,57
Twiggs ,georgia,54,45.4
Union ,georgia,19.3,79.2
Upson ,georgia,35.1,64.2
Walker ,georgia,24.1,74.2
Walton ,georgia,21.7,77.2
Ware ,georgia,32.6,66.5
Warren ,georgia,60.5,39.3
Washington ,georgia,53.5,45.9
Wayne ,georgia,25.3,73.6
Webster ,georgia,48.8,50.9
Wheeler ,georgia,35.7,63.2
White ,georgia,15.9,82.6
Whitfield ,georgia,26.8,71.9
Wilcox ,georgia,33.9,65.6
Wilkes ,georgia,43.8,55.4
Wilkinson ,georgia,49,50.5
Worth ,georgia,29.6,69.7
Hawaii ,hawaii,74.5,23.2
Honolulu ,hawaii,68.9,29.8
Kauai ,hawaii,73.5,24.1
Maui ,hawaii,74.1,23.8
Ada ,idaho,42.7,54
Adams ,idaho,28,68.6
Bannock ,idaho,37.5,59.6
Bear Lake ,idaho,10.7,88.2
Benewah ,idaho,30,66.8
Bingham ,idaho,21.7,76.4
Blaine ,idaho,58.8,38.6
Boise ,idaho,28.5,68.3
Bonner ,idaho,35.1,61.3
Bonneville ,idaho,22.9,74.7
Boundary ,idaho,27,69.1
Butte ,idaho,20.1,77.8
Camas ,idaho,27.5,69.6
Canyon ,idaho,30.1,67.1
Caribou ,idaho,12.6,85.5
Cassia ,idaho,13,85.3
Clark ,idaho,20.1,71.6
Clearwater ,idaho,27.9,68.8
Custer ,idaho,22.5,74.1
Elmore ,idaho,31.4,65.3
Franklin ,idaho,5.8,92.8
Fremont ,idaho,14,84.6
Gem ,idaho,26.1,70.9
Gooding ,idaho,25.1,72.2
Idaho County ,idaho,22.2,75.1
Jefferson ,idaho,11.4,86.9
Jerome ,idaho,25.4,71.9
Kootenai ,idaho,31.5,65.8
Latah ,idaho,49.6,45.3
Lemhi ,idaho,23.4,73.7
Lewis ,idaho,24.6,72.8
Lincoln ,idaho,26.4,70.3
Madison ,idaho,5.8,93.3
Minidoka ,idaho,19.9,78
Nez Perce ,idaho,38.3,59.2
Oneida ,idaho,10.4,88
Owyhee ,idaho,22.4,75
Payette ,idaho,26.7,70.7
Power ,idaho,33.8,64.4
Shoshone ,idaho,44.2,52.4
Teton ,idaho,42.6,54.3
Twin Falls ,idaho,26.8,70.3
Valley ,idaho,42.6,54.2
Washington ,idaho,25.5,72.2
Adams ,illinois,31.5,66.7
Alexander ,illinois,56.1,42.5
Bond ,illinois,41.2,55.9
Boone ,illinois,46.3,52
Brown ,illinois,33.3,64
Bureau ,illinois,48.9,49.1
Calhoun ,illinois,41.9,55.9
Carroll ,illinois,49.6,48.2
Cass ,illinois,42.2,55.7
Champaign ,illinois,52,45.2
Christian ,illinois,37.4,60.4
Clark ,illinois,33,65.5
Clay ,illinois,26.8,70.9
Clinton ,illinois,34,64
Coles ,illinois,43.4,54.5
Cook ,illinois,74,24.6
Crawford ,illinois,33.2,64.9
Cumberland ,illinois,31,66.3
DeKalb ,illinois,51.6,46.1
DeWitt ,illinois,35.4,62.4
Douglas ,illinois,30.8,67.6
DuPage ,illinois,49.7,48.7
Edgar ,illinois,32.8,65.6
Edwards ,illinois,23.4,74.5
Effingham ,illinois,23.2,75.3
Fayette ,illinois,31.8,66.4
Ford ,illinois,27.6,70.4
Franklin ,illinois,40.5,57.3
Fulton ,illinois,54.3,43.2
Gallatin ,illinois,40,58.1
Greene ,illinois,36,61.4
Grundy ,illinois,44.5,53.4
Hamilton ,illinois,32.2,65.2
Hancock ,illinois,39.4,58.5
Hardin ,illinois,31.8,65.9
Henderson ,illinois,55.5,43.2
Henry ,illinois,50.7,47.6
Iroquois ,illinois,26.7,71.4
Jackson ,illinois,53.4,43.1
Jasper ,illinois,28.5,69.7
Jefferson ,illinois,37.3,60.1
Jersey ,illinois,36.8,60.7
JoDaviess ,illinois,49.6,48.5
Johnson ,illinois,27.7,69.9
Kane ,illinois,49.6,48.7
Kankakee ,illinois,47.5,50.9
Kendall ,illinois,47.1,51.2
Knox ,illinois,57.7,40.6
Lake ,illinois,53.4,45.3
LaSalle ,illinois,48.8,49.2
Lawrence ,illinois,33.6,64.4
Lee ,illinois,45.4,52.7
Livingston ,illinois,33.4,64.9
Logan ,illinois,33,65.1
Macon ,illinois,46.5,51.8
Macoupin ,illinois,45.1,52.1
Madison ,illinois,48.1,49.5
Marion ,illinois,39.5,58.7
Marshall ,illinois,42,56.3
Mason ,illinois,45.7,52.1
Massac ,illinois,32.2,65.9
McDonough ,illinois,47.9,49.4
McHenry ,illinois,44.7,53.5
McLean ,illinois,43.4,54.5
Menard ,illinois,34.1,64.2
Mercer ,illinois,52.8,45.4
Monroe ,illinois,35.6,62.5
Montgomery ,illinois,41.7,55.9
Morgan ,illinois,41.2,56.6
Moultrie ,illinois,35.4,62.5
Ogle ,illinois,40.7,57.4
Peoria ,illinois,51.3,46.9
Perry ,illinois,40,57.7
Piatt ,illinois,35.4,62.2
Pike ,illinois,31.3,66.7
Pope ,illinois,29.2,68.1
Pulaski ,illinois,46.3,52
Putnam ,illinois,49.7,47.9
Randolph ,illinois,40,57.6
Richland ,illinois,32.4,65.3
Rock Island ,illinois,60.2,38.4
Saline ,illinois,34.5,63.5
Sangamon ,illinois,44.6,53.3
Schuyler ,illinois,44.5,53.1
Scott ,illinois,35.6,62.1
Shelby ,illinois,32.1,65.8
St. Clair ,illinois,56.4,41.9
Stark ,illinois,41.1,57.4
Stephenson ,illinois,46.7,51.3
Tazewell ,illinois,40,57.9
Union ,illinois,37.9,59.8
Vermilion ,illinois,41.2,56.9
Wabash ,illinois,31,67.7
Warren ,illinois,52.1,46.3
Washington ,illinois,33.1,64.7
Wayne ,illinois,19.7,78
White ,illinois,31,67
Whiteside ,illinois,57.7,40.4
Will ,illinois,51.1,47.4
Williamson ,illinois,36.5,61.5
Winnebago ,illinois,52,46.3
Woodford ,illinois,29.5,68.7
Adams ,indiana,29.2,68.7
Allen ,indiana,40.9,57.6
Bartholomew ,indiana,36.2,61.7
Benton ,indiana,32.4,65.1
Blackford ,indiana,40.7,57.2
Boone ,indiana,30,67.8
Brown ,indiana,40.3,57
Carroll ,indiana,33.8,64.1
Cass ,indiana,38,59.6
Clark ,indiana,44.1,54
Clay ,indiana,33.2,64.7
Clinton ,indiana,33.5,64.2
Crawford ,indiana,44.5,52.7
Daviess ,indiana,23.8,74.5
Dearborn ,indiana,29.2,68.9
Decatur ,indiana,28.5,69.1
DeKalb ,indiana,33.2,64.9
Delaware ,indiana,50.4,47.3
Dubois ,indiana,35.2,62.9
Elkhart ,indiana,36,62.5
Fayette ,indiana,40.3,57.2
Floyd ,indiana,42,56.3
Fountain ,indiana,31.4,65.6
Franklin ,indiana,27.6,70.3
Fulton ,indiana,32.3,65.5
Gibson ,indiana,33.5,64.5
Grant ,indiana,38,60
Greene ,indiana,33.1,64.6
Hamilton ,indiana,32,66.3
Hancock ,indiana,28.4,69.4
Harrison ,indiana,37.4,60.2
Hendricks ,indiana,31.7,66.5
Henry ,indiana,40.1,57
Howard ,indiana,41.7,56
Huntington ,indiana,29.2,69
Jackson ,indiana,34.9,62.4
Jasper ,indiana,36.2,61.7
Jay ,indiana,38.8,58.8
Jefferson ,indiana,43.7,54.1
Jennings ,indiana,37.3,59.7
Johnson ,indiana,29.8,68.2
Knox ,indiana,34.5,63.5
Kosciusko ,indiana,22.8,75.1
LaGrange ,indiana,31.1,66.9
Lake ,indiana,64.9,33.9
LaPorte ,indiana,55.2,42.6
Lawrence ,indiana,32.4,65.2
Madison ,indiana,46.6,51.1
Marion ,indiana,60.2,38.1
Marshall ,indiana,34.6,63.4
Martin ,indiana,28.5,68.8
Miami ,indiana,33.1,64
Monroe ,indiana,56.9,40.4
Montgomery ,indiana,29.6,68.1
Morgan ,indiana,28.2,69.3
Newton ,indiana,39.1,58.2
Noble ,indiana,32.2,65.7
Ohio ,indiana,35.3,62.5
Orange ,indiana,37.9,59.5
Owen ,indiana,34.8,62.4
Parke ,indiana,32.4,65
Perry ,indiana,54.8,43.3
Pike ,indiana,35.9,61.2
Porter ,indiana,51,47.2
Posey ,indiana,37.1,60.8
Pulaski ,indiana,35.2,62.3
Putnam ,indiana,32.6,65.2
Randolph ,indiana,37,61
Ripley ,indiana,29.5,68.1
Rush ,indiana,31.6,65.9
Scott ,indiana,45.9,52.1
Shelby ,indiana,32,65.5
Spencer ,indiana,41.4,56.7
St. Joseph ,indiana,51,47.5
Starke ,indiana,43.5,54.1
Steuben ,indiana,35.4,62.5
Sullivan ,indiana,38.5,59.1
Switzerland ,indiana,42.3,55.1
Tippecanoe ,indiana,47,50.6
Tipton ,indiana,33,64.8
Union ,indiana,32.8,65.2
Vanderburgh ,indiana,43.7,54.6
Vermillion ,indiana,45.3,52.1
Vigo ,indiana,49.5,48.6
Wabash ,indiana,30.9,67.1
Warren ,indiana,34.9,62.6
Warrick ,indiana,35.7,62.3
Washington ,indiana,36.4,60.9
Wayne ,indiana,41.6,56.3
Wells ,indiana,26.6,71.6
White ,indiana,36.7,60.3
Whitley ,indiana,29.5,68.4
Adair ,iowa,45.2,53.3
Adams ,iowa,47.2,51.1
Allamakee ,iowa,51.5,47.3
Appanoose ,iowa,47.5,51.1
Audubon ,iowa,46.8,52.3
Benton ,iowa,49.1,49.7
Black Hawk ,iowa,59.4,39.4
Boone ,iowa,52.4,45.9
Bremer ,iowa,50.8,48.3
Buchanan ,iowa,56.3,42.4
Buena Vista ,iowa,44.3,54.7
Butler ,iowa,44.2,54.6
Calhoun ,iowa,43,55.7
Carroll ,iowa,46.4,52.7
Cass ,iowa,39.8,58.8
Cedar ,iowa,51.6,47.2
Cerro Gordo ,iowa,56.1,42.8
Cherokee ,iowa,41.2,57.4
Chickasaw ,iowa,55,43.9
Clarke ,iowa,49.7,48.3
Clay ,iowa,40,58.7
Clayton ,iowa,52.8,45.9
Clinton ,iowa,60.8,37.9
Crawford ,iowa,45.4,53.6
Dallas ,iowa,43.6,55.3
Davis ,iowa,40.6,57.1
Decatur ,iowa,47,51
Delaware ,iowa,49.4,49.6
Des Moines ,iowa,58.6,40.1
Dickinson ,iowa,40.4,58.4
Dubuque ,iowa,56.6,42.1
Emmet ,iowa,44.9,53.8
Fayette ,iowa,55.4,43.5
Floyd ,iowa,56.8,42.1
Franklin ,iowa,44,54.9
Fremont ,iowa,44.8,53.9
Greene ,iowa,49.3,49.4
Grundy ,iowa,38,61
Guthrie ,iowa,43.9,54.2
Hamilton ,iowa,48,50.6
Hancock ,iowa,42.6,56.2
Hardin ,iowa,45.8,53
Harrison ,iowa,43,55.7
Henry ,iowa,46.3,52.3
Howard ,iowa,59.8,38.8
Humboldt ,iowa,38.4,60.5
Ida ,iowa,36.3,62.8
Iowa ,iowa,46.9,51.8
Jackson ,iowa,57.8,41
Jasper ,iowa,52.8,45.7
Jefferson ,iowa,56.8,40.8
Johnson ,iowa,66.9,31.4
Jones ,iowa,53.2,45.4
Keokuk ,iowa,44,54.4
Kossuth ,iowa,43.3,55.6
Lee ,iowa,57.2,41.2
Linn ,iowa,58.1,40.5
Louisa ,iowa,49.8,49.1
Lucas ,iowa,46.3,52.6
Lyon ,iowa,21.9,76.8
Madison ,iowa,43.1,55.2
Mahaska ,iowa,39,59.6
Marion ,iowa,42.6,55.9
Marshall ,iowa,53.9,44.9
Mills ,iowa,39.6,58.7
Mitchell ,iowa,50.7,47.4
Monona ,iowa,44.6,54.3
Monroe ,iowa,45.5,53.2
Montgomery ,iowa,38.4,60
Muscatine ,iowa,56.8,41.3
O'Brien ,iowa,26.9,72.1
Osceola ,iowa,28.6,70
Page ,iowa,36.9,61.8
Palo Alto ,iowa,43.7,54.5
Plymouth ,iowa,32.1,66.4
Pocahontas ,iowa,38,59.8
Polk ,iowa,56.4,42.2
Pottawattamie ,iowa,46.4,52.2
Poweshiek ,iowa,53.8,44.7
Ringgold ,iowa,45.8,53
Sac ,iowa,40.3,58.7
Scott ,iowa,56.3,42.6
Shelby ,iowa,38.2,60.5
Sioux ,iowa,15.6,83.6
Story ,iowa,55.8,42
Tama ,iowa,53,45.6
Taylor ,iowa,42.3,56.4
Union ,iowa,51.3,47.5
Van Buren ,iowa,39.5,58.1
Wapello ,iowa,55.1,43.4
Warren ,iowa,48.4,50.4
Washington ,iowa,46.7,50.9
Wayne ,iowa,43.3,54.9
Webster ,iowa,52.2,46.7
Winnebago ,iowa,49.3,49.3
Winneshiek ,iowa,56.7,41.9
Woodbury ,iowa,49.3,49.5
Worth ,iowa,56.6,42.1
Wright ,iowa,45.3,53.6
Allen ,kansas,35.3,62.5
Anderson ,kansas,28.6,68.6
Atchison ,kansas,38.3,59
Barber ,kansas,20.7,76.8
Barton ,kansas,22.4,76
Bourbon ,kansas,31.9,65.7
Brown ,kansas,26.9,70.8
Butler ,kansas,28,69.8
Chase ,kansas,27.8,69.5
Chautauqua ,kansas,17.2,80
Cherokee ,kansas,34.2,63.7
Cheyenne ,kansas,16.2,81.4
Clark ,kansas,17.1,79.1
Clay ,kansas,22.6,75.8
Cloud ,kansas,24,72.9
Coffey ,kansas,23,74.5
Comanche ,kansas,15.4,82.6
Cowley ,kansas,33.9,63.7
Crawford ,kansas,45.5,52
Decatur ,kansas,17.4,79.5
Dickinson ,kansas,25,72.7
Doniphan ,kansas,26.3,71.1
Douglas ,kansas,60.5,36.8
Edwards ,kansas,21.3,76.8
Elk ,kansas,20.4,76.7
Ellis ,kansas,27.1,70.9
Ellsworth ,kansas,26,71.2
Finney ,kansas,30.4,67.3
Ford ,kansas,30.5,67.5
Franklin ,kansas,33.4,63.8
Geary ,kansas,42,56.4
Gove ,kansas,12.7,84.4
Graham ,kansas,18.8,79.2
Grant ,kansas,19.7,78.6
Gray ,kansas,16,82.5
Greeley ,kansas,16.8,81.1
Greenwood ,kansas,24.1,73.4
Hamilton ,kansas,18.6,79.1
Harper ,kansas,23,73.8
Harvey ,kansas,37.4,60.5
Haskell ,kansas,14.9,83.5
Hodgeman ,kansas,17,81.6
Jackson ,kansas,34.2,63.5
Jefferson ,kansas,37.3,60.2
Jewell ,kansas,15.2,82.6
Johnson ,kansas,40.1,58
Kearny ,kansas,19.5,79
Kingman ,kansas,22.9,74.1
Kiowa ,kansas,14.1,85.6
Labette ,kansas,38.9,59
Lane ,kansas,18.5,79.8
Leavenworth ,kansas,38.8,59
Lincoln ,kansas,19.5,78.7
Linn ,kansas,25.8,71.7
Logan ,kansas,14.9,83.3
Lyon ,kansas,42.8,54.7
Marion ,kansas,25.5,72
Marshall ,kansas,31,66.7
McPherson ,kansas,28.1,69.6
Meade ,kansas,15.4,84.6
Miami ,kansas,31.7,66.4
Mitchell ,kansas,19.7,78.4
Montgomery ,kansas,28.2,69.6
Morris ,kansas,27.9,69.3
Morton ,kansas,14.4,84.2
Nemaha ,kansas,19.9,78.2
Neosho ,kansas,31.6,65.9
Ness ,kansas,14.9,84
Norton ,kansas,17.1,80.8
Osage ,kansas,32.9,64
Osborne ,kansas,17.8,80.4
Ottawa ,kansas,19,78.3
Pawnee ,kansas,27.4,70.5
Phillips ,kansas,14.8,83.4
Pottawatomie ,kansas,24.6,71.9
Pratt ,kansas,26,72.8
Rawlins ,kansas,13,85
Reno ,kansas,33,64.5
Republic ,kansas,17.8,79.5
Rice ,kansas,24.8,72.6
Riley ,kansas,42.4,55.1
Rooks ,kansas,15.2,82.2
Rush ,kansas,23.3,74.3
Russell ,kansas,18.6,79.8
Saline ,kansas,32.7,64.9
Scott ,kansas,13.4,84.3
Sedgwick ,kansas,39,58.7
Seward ,kansas,28.1,70.5
Shawnee ,kansas,48,49.7
Sheridan ,kansas,12.5,86.1
Sherman ,kansas,22.1,75.5
Smith ,kansas,17.4,80.6
Stafford ,kansas,22,75.4
Stanton ,kansas,18.9,80.1
Stevens ,kansas,12.1,86.3
Sumner ,kansas,29.1,68.6
Thomas ,kansas,17,80.5
Trego ,kansas,18.7,79.7
Wabaunsee ,kansas,28.1,69.1
Wallace ,kansas,8.7,89.9
Washington ,kansas,18,80.3
Wichita ,kansas,15.9,83.2
Wilson ,kansas,22,76
Woodson ,kansas,26.3,71.8
Wyandotte ,kansas,67.3,30.9
Adair ,kentucky,21.8,76.9
Allen ,kentucky,25.5,73
Anderson ,kentucky,32.1,66.1
Ballard ,kentucky,30.5,68
Barren ,kentucky,32.6,65.9
Bath ,kentucky,42.9,55.2
Bell ,kentucky,23.5,75.2
Boone ,kentucky,29.8,68.4
Bourbon ,kentucky,38.9,59.3
Boyd ,kentucky,40.8,57.2
Boyle ,kentucky,36.1,62.3
Bracken ,kentucky,35.5,62.8
Breathitt ,kentucky,31.2,66.3
Breckinridge ,kentucky,35.5,63.1
Bullitt ,kentucky,31.4,67.1
Butler ,kentucky,25.6,73.5
Caldwell ,kentucky,31.6,66.6
Calloway ,kentucky,35.3,62.7
Campbell ,kentucky,37.5,60.3
Carlisle ,kentucky,28.6,70.1
Carroll ,kentucky,44.3,54.3
Carter ,kentucky,38,59.3
Casey ,kentucky,17.8,80.5
Christian ,kentucky,37.6,61.4
Clark ,kentucky,33.9,64.4
Clay ,kentucky,15,83.7
Clinton ,kentucky,17.1,81.2
Crittenden ,kentucky,24.9,73.7
Cumberland ,kentucky,21,77.7
Daviess ,kentucky,38.5,59.6
Edmonson ,kentucky,29.5,69.3
Elliott ,kentucky,49.4,46.9
Estill ,kentucky,26.2,72.3
Fayette ,kentucky,49.3,48.3
Fleming ,kentucky,33.1,65.4
Floyd ,kentucky,31.8,65.7
Franklin ,kentucky,49.4,48.6
Fulton ,kentucky,41.2,57.4
Gallatin ,kentucky,40.5,57.5
Garrard ,kentucky,23.5,75
Grant ,kentucky,32.7,65.8
Graves ,kentucky,29.3,69.1
Grayson ,kentucky,29.6,69.1
Green ,kentucky,24,74.8
Greenup ,kentucky,39.8,58.4
Hancock ,kentucky,44.4,53.5
Hardin ,kentucky,38.8,59.6
Harlan ,kentucky,17.2,81.2
Harrison ,kentucky,34.5,63.6
Hart ,kentucky,34.5,64.3
Henderson ,kentucky,43.5,55.3
Henry ,kentucky,38.4,59.8
Hickman ,kentucky,32.1,66.9
Hopkins ,kentucky,29.3,69.2
Jackson ,kentucky,12.1,86.2
Jefferson ,kentucky,54.8,43.7
Jessamine ,kentucky,29.1,69
Johnson ,kentucky,19.1,78.5
Kenton ,kentucky,36.8,61.2
Knott ,kentucky,24.9,72.5
Knox ,kentucky,22.4,76.3
LaRue ,kentucky,30.1,67.9
Laurel ,kentucky,17.4,81
Lawrence ,kentucky,27.2,71.4
Lee ,kentucky,22.7,75.4
Leslie ,kentucky,8.7,89.7
Letcher ,kentucky,19.4,77.8
Lewis ,kentucky,28.1,69.7
Lincoln ,kentucky,28.2,70.1
Livingston ,kentucky,29.8,68.5
Logan ,kentucky,33,65.6
Lyon ,kentucky,35.8,62.8
Madison ,kentucky,34.6,63.4
Magoffin ,kentucky,29.2,69.1
Marion ,kentucky,46.7,51.9
Marshall ,kentucky,32,66.2
Martin ,kentucky,15,83.2
Mason ,kentucky,37.7,61
McCracken ,kentucky,32.9,65.4
McCreary ,kentucky,18.7,80
McLean ,kentucky,34.1,64.4
Meade ,kentucky,37.8,60.5
Menifee ,kentucky,40.3,57.1
Mercer ,kentucky,29.9,68.6
Metcalfe ,kentucky,34.1,64
Monroe ,kentucky,19.7,79.3
Montgomery ,kentucky,36.1,62.4
Morgan ,kentucky,30.6,67.6
Muhlenberg ,kentucky,37.5,60.9
Nelson ,kentucky,41.1,57.6
Nicholas ,kentucky,36.7,61.4
Ohio ,kentucky,31,67.1
Oldham ,kentucky,30.9,67.5
Owen ,kentucky,33,65.2
Owsley ,kentucky,17.9,80.9
Pendleton ,kentucky,33.6,64.3
Perry ,kentucky,20,78.5
Pike ,kentucky,23.9,74.4
Powell ,kentucky,36.5,61.4
Pulaski ,kentucky,19.1,79.7
Robertson ,kentucky,36.4,61.9
Rockcastle ,kentucky,17.6,80.9
Rowan ,kentucky,45,52.8
Russell ,kentucky,18.3,80.3
Scott ,kentucky,36.6,61.7
Shelby ,kentucky,35.6,63.2
Simpson ,kentucky,37.4,61.4
Spencer ,kentucky,30.2,67.9
Taylor ,kentucky,30,69
Todd ,kentucky,29.7,68.8
Trigg ,kentucky,31.4,67.1
Trimble ,kentucky,38.3,60.3
Union ,kentucky,32.5,66.1
Warren ,kentucky,38.3,60.1
Washington ,kentucky,32,67
Wayne ,kentucky,25.7,73.4
Webster ,kentucky,32.3,65.9
Whitley ,kentucky,20.5,78.3
Wolfe ,kentucky,38.1,60.3
Woodford ,kentucky,39.6,58.5
Acadia ,louisiana,24.4,74.3
Allen ,louisiana,28.1,69.8
Ascension ,louisiana,32,66.3
Assumption ,louisiana,43.3,55.3
Avoyelles ,louisiana,35.7,62.6
Beauregard ,louisiana,19.9,78.1
Bienville ,louisiana,48.5,50.5
Bossier ,louisiana,26.7,72
Caddo ,louisiana,51.9,47
Calcasieu ,louisiana,34.7,63.4
Caldwell ,louisiana,21.5,77.2
Cameron ,louisiana,10.9,87.1
Catahoula ,louisiana,33.6,65.4
Claiborne ,louisiana,44.8,54.2
Concordia ,louisiana,40.9,58.1
DeSoto ,louisiana,42.5,56.3
East Baton Rouge ,louisiana,51.8,46.6
East Carroll ,louisiana,66.3,33.2
East Feliciana ,louisiana,45.5,52.9
Evangeline ,louisiana,33.8,64.5
Franklin ,louisiana,31.3,67.4
Grant ,louisiana,16.4,81.7
Iberia ,louisiana,36.3,62.6
Iberville ,louisiana,56.1,42.7
Jackson ,louisiana,30.6,68.2
Jeff Davis ,louisiana,25.4,72.9
Jefferson ,louisiana,39.8,58.2
Lafayette ,louisiana,32.2,65.9
Lafourche ,louisiana,24.6,73.2
LaSalle ,louisiana,11.6,87.1
Lincoln ,louisiana,41.9,56.6
Livingston ,louisiana,13.8,84.2
Madison ,louisiana,60.8,38.6
Morehouse ,louisiana,46.7,52.3
Natchitoches ,louisiana,46,52.6
Orleans ,louisiana,80.3,17.8
Ouachita ,louisiana,38.9,59.8
Plaquemines ,louisiana,35.1,63.2
Pointe Coupee ,louisiana,44.8,53.9
Rapides ,louisiana,34.5,64.1
Red River ,louisiana,46.9,51.7
Richland ,louisiana,35.4,63.6
Sabine ,louisiana,21.8,77
St. Bernard ,louisiana,36.2,60.9
St. Charles ,louisiana,35.1,62.9
St. Helena ,louisiana,59.7,38.9
St. James ,louisiana,56.9,42
St. John the Baptist ,louisiana,62.4,36.1
St. Landry ,louisiana,47.2,51.6
St. Martin ,louisiana,37,61.6
St. Mary ,louisiana,40,58.7
St. Tammany ,louisiana,22.8,75
Tangipahoa ,louisiana,35.4,63.1
Tensas ,louisiana,55.6,43.7
Terrebonne ,louisiana,28.5,69.7
Union ,louisiana,28.6,70.2
Vermilion ,louisiana,22.9,75.7
Vernon ,louisiana,20.3,77.8
Washington ,louisiana,35.1,63.4
Webster ,louisiana,36.9,61.9
West Baton Rouge ,louisiana,44.6,54.2
West Carroll ,louisiana,18.8,79.8
West Feliciana ,louisiana,42.3,56.4
Winn ,louisiana,29.4,69.5
Androscoggin ,maine,55,42.3
Aroostook ,maine,52.7,45
Cumberland ,maine,60.5,34.2
Franklin ,maine,57.7,39.1
Hancock ,maine,57,40.3
Kennebec ,maine,55.4,41.9
Knox ,maine,60.1,37.6
Lincoln ,maine,54.7,43
Oxford ,maine,55.9,40.9
Penobscot ,maine,50.3,47.4
Piscataquis ,maine,46.4,50.9
Sagadahoc ,maine,57,40.7
Somerset ,maine,49.4,47.8
Waldo ,maine,53.8,43.2
Washington ,maine,49.5,47.8
York ,maine,57.1,40.8
Allegany ,maryland,32.4,65.3
Anne Arundel ,maryland,48.5,49.4
Baltimore ,maryland,57.2,40.8
Baltimore City ,maryland,87.4,11.1
Calvert ,maryland,45,53.2
Caroline ,maryland,36.9,61.3
Carroll ,maryland,31.7,65.7
Cecil ,maryland,38.7,59.1
Charles ,maryland,65,33.7
Dorchester ,maryland,46.1,52.7
Frederick ,maryland,46.9,50.9
Garrett ,maryland,23,75.1
Harford ,maryland,39.2,58.7
Howard ,maryland,59.5,38.3
Kent ,maryland,48.7,49.6
Montgomery ,maryland,70.9,27.4
Prince George's ,maryland,90.1,9.2
Queen Anne's ,maryland,34.1,64.3
Somerset ,maryland,48.3,50.8
St. Mary's ,maryland,40.8,56.9
Talbot ,maryland,42.8,55.9
Washington ,maryland,39.7,58.2
Wicomico ,maryland,45.7,52.6
Worcester ,maryland,40.1,58.4
Barnstable ,massachusetts,53.2,45.5
Berkshire ,massachusetts,75.8,22.2
Bristol ,massachusetts,59.5,39
Dukes ,massachusetts,72.9,25.6
Essex ,massachusetts,57.5,41.2
Franklin ,massachusetts,71.9,24.8
Hampden ,massachusetts,62,36.6
Hampshire ,massachusetts,70.3,26.6
Middlesex ,massachusetts,62.6,35.7
Nantucket ,massachusetts,62.8,35.8
Norfolk ,massachusetts,57.4,41.3
Plymouth ,massachusetts,51.3,47.5
Suffolk ,massachusetts,77.6,20.8
Worcester ,massachusetts,53.7,44.5
Alcona ,michigan,40.5,58.7
Alger ,michigan,48.1,50.6
Allegan ,michigan,39.8,59
Alpena ,michigan,46.7,52.1
Antrim ,michigan,38.7,60.1
Arenac ,michigan,46.9,51.8
Baraga ,michigan,45.1,53.5
Barry ,michigan,40.4,58.5
Bay ,michigan,52.5,46.5
Benzie ,michigan,47.6,51.5
Berrien ,michigan,46.3,52.8
Branch ,michigan,40.1,58.8
Calhoun ,michigan,50.3,48.7
Cass ,michigan,42.7,56.4
Charlevoix ,michigan,42.2,56.9
Cheboygan ,michigan,43.9,54.8
Chippewa ,michigan,45.6,53.2
Clare ,michigan,47,51.8
Clinton ,michigan,46.5,52.7
Crawford ,michigan,43.9,54.9
Delta ,michigan,46.2,52.8
Dickinson ,michigan,38.7,60.1
Eaton ,michigan,51,47.9
Emmet ,michigan,40.9,58
Genesee ,michigan,63.6,35.4
Gladwin ,michigan,45.9,53.1
Gogebic ,michigan,53.6,45.5
Grand Traverse ,michigan,43.6,55.4
Gratiot ,michigan,47.5,51.4
Hillsdale ,michigan,37.2,61.5
Houghton ,michigan,44.1,54.3
Huron ,michigan,42.1,56.9
Ingham ,michigan,63.4,35.6
Ionia ,michigan,42.8,55.7
Iosco ,michigan,46.8,51.8
Iron ,michigan,44.9,53.9
Isabella ,michigan,54.1,44.8
Jackson ,michigan,46.6,52.4
Kalamazoo ,michigan,56.2,42.9
Kalkaska ,michigan,39.5,59.1
Kent ,michigan,45.5,53.4
Keweenaw ,michigan,41.9,55.8
Lake ,michigan,52.1,47
Lapeer ,michigan,43.7,55.1
Leelanau ,michigan,46.4,52.8
Lenawee ,michigan,48.8,50.1
Livingston ,michigan,38,61.3
Luce ,michigan,38.4,60.6
Mackinac ,michigan,43.5,55.7
Macomb ,michigan,51.6,47.6
Manistee ,michigan,52.2,46.3
Marquette ,michigan,56.4,42.3
Mason ,michigan,47,52
Mecosta ,michigan,44.5,54.4
Menominee ,michigan,48,51
Midland ,michigan,41.8,57.3
Missaukee ,michigan,32.4,66.4
Monroe ,michigan,50,49
Montcalm ,michigan,45,53.7
Montmorency ,michigan,40.6,58
Muskegon ,michigan,58.4,40.6
Newaygo ,michigan,40.7,58.1
Oakland ,michigan,53.7,45.6
Oceana ,michigan,44.3,54.5
Ogemaw ,michigan,46.2,52.5
Ontonagon ,michigan,44.8,53.9
Osceola ,michigan,38.8,59.8
Oscoda ,michigan,41.1,57.3
Otsego ,michigan,39.6,59.2
Ottawa ,michigan,32.5,66.7
Presque Isle ,michigan,45.1,53.6
Roscommon ,michigan,47.6,51.4
Saginaw ,michigan,55.5,43.6
Sanilac ,michigan,39.3,59.7
Schoolcraft ,michigan,46.1,52.9
Shiawassee ,michigan,51.2,47.5
St. Clair ,michigan,45.9,53
St. Joseph ,michigan,43.3,55.7
Tuscola ,michigan,44,54.8
Van Buren ,michigan,49.7,49.2
Washtenaw ,michigan,67.5,31.5
Wayne ,michigan,73.1,26.2
Wexford ,michigan,41.3,57.5
Aitkin ,minnesota,48.4,49.8
Anoka ,minnesota,47.7,50.3
Becker ,minnesota,41.8,56.4
Beltrami ,minnesota,53.8,43.9
Benton ,minnesota,41.9,55.6
Big Stone ,minnesota,48.3,49.8
Blue Earth ,minnesota,53.4,43.8
Brown ,minnesota,40.6,57.2
Carlton ,minnesota,62,35.9
Carver ,minnesota,39.3,59.1
Cass ,minnesota,42.6,55.7
Chippewa ,minnesota,49.9,48
Chisago ,minnesota,42.7,55.3
Clay ,minnesota,52.9,44.9
Clearwater ,minnesota,41.9,56.4
Cook ,minnesota,60.3,37
Cottonwood ,minnesota,41.6,56.7
Crow Wing ,minnesota,42.4,55.8
Dakota ,minnesota,50.5,47.6
Dodge ,minnesota,43.7,53.8
Douglas ,minnesota,41.4,56.9
Faribault ,minnesota,44.3,53.4
Fillmore ,minnesota,52.6,45.3
Freeborn ,minnesota,56,41.9
Goodhue ,minnesota,47.5,50.5
Grant ,minnesota,47.5,50.4
Hennepin ,minnesota,62.5,35.4
Houston ,minnesota,50.7,47.5
Hubbard ,minnesota,40.7,57.7
Isanti ,minnesota,39.9,58
Itasca ,minnesota,53.9,44.1
Jackson ,minnesota,41.9,56.2
Kanabec ,minnesota,44.2,53.3
Kandiyohi ,minnesota,45.8,52.5
Kittson ,minnesota,51.6,45.5
Koochiching ,minnesota,53.7,44.2
Lac Qui Parle ,minnesota,49.7,48.8
Lake ,minnesota,59.5,38.4
Lake of the Woods ,minnesota,38.7,58.8
Le Sueur ,minnesota,45.8,52.4
Lincoln ,minnesota,45.9,51.2
Lyon ,minnesota,44.3,53.5
Mahnomen ,minnesota,58.6,40
Marshall ,minnesota,42.8,54.9
Martin ,minnesota,37.1,60.9
McLeod ,minnesota,37.8,60
Meeker ,minnesota,40.8,56.8
Mille Lacs ,minnesota,44.7,53.3
Morrison ,minnesota,36.9,61
Mower ,minnesota,60.3,37.6
Murray ,minnesota,45.4,52.7
Nicollet ,minnesota,52.8,44.9
Nobles ,minnesota,44.7,53.9
Norman ,minnesota,54.1,43.3
Olmsted ,minnesota,50.5,47.3
Otter Tail ,minnesota,38.5,59.8
Pennington ,minnesota,46.6,50.9
Pine ,minnesota,48.5,49.2
Pipestone ,minnesota,37.3,61
Polk ,minnesota,46.3,52
Pope ,minnesota,47.9,50.5
Ramsey ,minnesota,66.6,31.2
Red Lake ,minnesota,47.3,49.8
Redwood ,minnesota,38.8,58.9
Renville ,minnesota,44.2,54
Rice ,minnesota,53,44.7
Rock ,minnesota,40.3,58.2
Roseau ,minnesota,37.8,60.2
Scott ,minnesota,41.6,56.5
Sherburne ,minnesota,38,60.1
Sibley ,minnesota,37.5,60.3
St. Louis ,minnesota,63.7,34.1
Stearns ,minnesota,42.9,55
Steele ,minnesota,45.7,52
Stevens ,minnesota,48.8,49.2
Swift ,minnesota,54.1,44.2
Todd ,minnesota,41,57.1
Traverse ,minnesota,51.2,46.7
Wabasha ,minnesota,46.2,51.6
Wadena ,minnesota,36.8,61.2
Waseca ,minnesota,45,52.7
Washington ,minnesota,49.5,48.8
Watonwan ,minnesota,48.8,49.2
Wilkin ,minnesota,39.2,58.7
Winona ,minnesota,55.3,42.4
Wright ,minnesota,38.2,59.6
Yellow Medicine ,minnesota,45.7,52
Adams ,mississippi,58.7,40.7
Alcorn ,mississippi,23.5,75.1
Amite ,mississippi,42,57.3
Attala ,mississippi,42.9,56.7
Benton ,mississippi,49.7,49.8
Bolivar ,mississippi,68.5,30.5
Calhoun ,mississippi,35.9,63.1
Carroll ,mississippi,33.3,66.2
Chickasaw ,mississippi,51.2,47.1
Choctaw ,mississippi,33.4,65.8
Claiborne ,mississippi,88.1,11.6
Clarke ,mississippi,37.4,61.3
Clay ,mississippi,60.7,38.7
Coahoma ,mississippi,74.9,24.6
Copiah ,mississippi,55.4,43.9
Covington ,mississippi,41.6,57.8
DeSoto ,mississippi,32.8,66.2
Forrest ,mississippi,43.5,55.2
Franklin ,mississippi,38.4,60.9
George ,mississippi,13.8,85
Greene ,mississippi,22.4,76.5
Grenada ,mississippi,46.6,52.8
Hancock ,mississippi,22.8,75.5
Harrison ,mississippi,36.1,62.7
Hinds ,mississippi,72.2,27.1
Holmes ,mississippi,83.9,15.7
Humphreys ,mississippi,75.9,23.9
Issaquena ,mississippi,60.9,38.4
Itawamba ,mississippi,18.3,79.3
Jackson ,mississippi,31.3,67.5
Jasper ,mississippi,54.6,44.9
Jeff Davis ,mississippi,61.9,36.9
Jefferson ,mississippi,88.7,10.9
Jones ,mississippi,30.4,68.7
Kemper ,mississippi,64.1,35.4
Lafayette ,mississippi,41.3,56.8
Lamar ,mississippi,22.1,76.7
Lauderdale ,mississippi,41.8,57.3
Lawrence ,mississippi,36.4,63.1
Leake ,mississippi,45.4,54.1
Lee ,mississippi,35,64
Leflore ,mississippi,72.6,26.9
Lincoln ,mississippi,34.1,65.3
Lowndes ,mississippi,48.8,50.3
Madison ,mississippi,41.8,57.5
Marion ,mississippi,34.7,64.5
Marshall ,mississippi,59.4,39.9
Monroe ,mississippi,41.6,57.5
Montgomery ,mississippi,46.7,52.9
Neshoba ,mississippi,27.8,71.4
Newton ,mississippi,34,65.4
Noxubee ,mississippi,78.5,21.2
Oktibbeha ,mississippi,50.2,48.3
Panola ,mississippi,54,45.3
Pearl River ,mississippi,19.1,79.4
Perry ,mississippi,26.7,72.3
Pike ,mississippi,53.4,45.8
Pontotoc ,mississippi,22.6,76.1
Prentiss ,mississippi,28.1,70.5
Quitman ,mississippi,71.3,28
Rankin ,mississippi,23.5,75.4
Scott ,mississippi,45.1,54.1
Sharkey ,mississippi,69.6,29.9
Simpson ,mississippi,38.6,60.6
Smith ,mississippi,24.4,74.7
Stone ,mississippi,26.3,72.2
Sunflower ,mississippi,72.7,26.4
Tallahatchie ,mississippi,60.3,39
Tate ,mississippi,40.2,58.6
Tippah ,mississippi,25,73.5
Tishomingo ,mississippi,20.7,77.3
Tunica ,mississippi,79.1,20.3
Union ,mississippi,24,74.9
Walthall ,mississippi,45.3,53.7
Warren ,mississippi,50.9,48.3
Washington ,mississippi,71.1,28.4
Wayne ,mississippi,40.1,59.2
Webster ,mississippi,22.6,76.4
Wilkinson ,mississippi,69.4,30.1
Winston ,mississippi,46.7,52.7
Yalobusha ,mississippi,47.4,51.8
Yazoo ,mississippi,57.3,42
Adair ,missouri,41.7,55.8
Andrew ,missouri,31.9,65.7
Atchison ,missouri,27.9,70.2
Audrain ,missouri,35.6,62.2
Barry ,missouri,26.6,71.2
Barton ,missouri,21.4,76.9
Bates ,missouri,32.9,64.6
Benton ,missouri,31.9,66.3
Bollinger ,missouri,22.2,75.1
Boone ,missouri,50.2,47.1
Buchanan ,missouri,44.4,53.2
Butler ,missouri,25.8,72.5
Caldwell ,missouri,31.5,65.3
Callaway ,missouri,33.3,64.4
Camden ,missouri,29.4,68.8
Cape Girardeau ,missouri,27.2,71
Carroll ,missouri,26.8,71.4
Carter ,missouri,26.9,70.7
Cass ,missouri,34.8,63.2
Cedar ,missouri,25.4,72.4
Chariton ,missouri,35,62.9
Christian ,missouri,25.8,72.4
Clark ,missouri,43.3,53.6
Clay ,missouri,44.8,53.2
Clinton ,missouri,37.5,60.1
Cole ,missouri,32.4,66.1
Cooper ,missouri,32.9,65.1
Crawford ,missouri,30.8,67.2
Dade ,missouri,24.1,74.3
Dallas ,missouri,29.2,68.6
Daviess ,missouri,32,65
DeKalb ,missouri,27.4,70.3
Dent ,missouri,23.9,73.5
Douglas ,missouri,26.1,70.9
Dunklin ,missouri,34.1,64.3
Franklin ,missouri,35,62.8
Gasconade ,missouri,29.4,68.6
Gentry ,missouri,31.3,66.3
Greene ,missouri,36.7,61.1
Grundy ,missouri,27.7,69.3
Harrison ,missouri,26.6,71
Henry ,missouri,35.6,61.5
Hickory ,missouri,37,60.6
Holt ,missouri,23.9,74.7
Howard ,missouri,35.4,62
Howell ,missouri,26.9,70.6
Iron ,missouri,41.4,55.9
Jackson ,missouri,58.7,39.7
Jasper ,missouri,28.3,69.3
Jefferson ,missouri,42.6,55.3
Johnson ,missouri,36.5,60.7
Knox ,missouri,35.7,61.6
LaClede ,missouri,26.6,71.2
Lafayette ,missouri,35.8,62.1
Lawrence ,missouri,25.5,72.5
Lewis ,missouri,35.2,62.6
Lincoln ,missouri,34.1,63.3
Linn ,missouri,36.7,60.3
Livingston ,missouri,31.5,66.2
Macon ,missouri,32.3,65.7
Madison ,missouri,32.2,65.5
Maries ,missouri,28.6,69.7
Marion ,missouri,33.2,65.2
McDonald ,missouri,24.6,72.8
Mercer ,missouri,21.3,75.8
Miller ,missouri,24.1,73.5
Mississippi ,missouri,37.8,60.9
Moniteau ,missouri,25,73
Monroe ,missouri,34.5,63.2
Montgomery ,missouri,32.6,65.6
Morgan ,missouri,31.9,66
New Madrid ,missouri,38.8,59.1
Newton ,missouri,25.6,72.5
Nodaway ,missouri,35.3,62.3
Oregon ,missouri,32.1,65.3
Osage ,missouri,21.3,77
Ozark ,missouri,28.3,69.2
Pemiscot ,missouri,42.2,56.8
Perry ,missouri,27.3,71
Pettis ,missouri,34.4,63.1
Phelps ,missouri,31.9,65.4
Pike ,missouri,35.3,62.5
Platte ,missouri,42.1,56.2
Polk ,missouri,27.3,70.5
Pulaski ,missouri,30.9,67
Putnam ,missouri,25.4,72.5
Ralls ,missouri,34.5,64.2
Randolph ,missouri,30.5,67
Ray ,missouri,41.2,56.1
Reynolds ,missouri,36.1,60.3
Ripley ,missouri,26.5,71.1
Saline ,missouri,41.6,56
Schuyler ,missouri,35.9,60.5
Scotland ,missouri,33.2,64.4
Scott ,missouri,30.1,68.4
Shannon ,missouri,35.2,61.3
Shelby ,missouri,29.9,67.7
St. Charles ,missouri,38.7,59.7
St. Clair ,missouri,31.6,65.3
St. Francois ,missouri,39.1,58.6
St. Louis City ,missouri,82.7,16
St. Louis County ,missouri,56.2,42.5
Ste. Genevieve ,missouri,47.2,50.2
Stoddard ,missouri,24.5,73.8
Stone ,missouri,24.5,73.7
Sullivan ,missouri,35,62
Taney ,missouri,25.3,72.7
Texas ,missouri,26.7,70.8
Vernon ,missouri,30.3,67.6
Warren ,missouri,35.6,62.3
Washington ,missouri,39.5,58.1
Wayne ,missouri,31.7,66.3
Webster ,missouri,28.6,69.4
Worth ,missouri,32.5,63.4
Wright ,missouri,24.5,73.3
Beaverhead ,montana,28.4,68.5
Big Horn ,montana,62,36.3
Blaine ,montana,56.4,41.3
Broadwater ,montana,25.3,71.5
Carbon ,montana,36.6,60.5
Carter ,montana,12.1,85.4
Cascade ,montana,44,53.1
Chouteau ,montana,34.6,62.4
Custer ,montana,34.2,62.8
Daniels ,montana,23.6,73.4
Dawson ,montana,27.6,68.5
Deer Lodge ,montana,64.2,32.5
Fallon ,montana,16.9,80.3
Fergus ,montana,26.9,70.2
Flathead ,montana,31.9,65.2
Gallatin ,montana,45.7,51
Garfield ,montana,9.4,88.9
Glacier ,montana,64.9,32.4
Golden Valley ,montana,23,73.3
Granite ,montana,31.3,64.9
Hill ,montana,49.9,46.4
Jefferson ,montana,34.8,62.3
Judith Basin ,montana,27.7,70.3
Lake ,montana,43.4,53.8
Lewis and Clark ,montana,46.9,50.5
Liberty ,montana,26.1,71
Lincoln ,montana,28.7,68.2
Madison ,montana,28.5,69.1
McCone ,montana,22.4,75.1
Meagher ,montana,27.7,68.9
Mineral ,montana,34.7,60.3
Missoula ,montana,57.9,39.2
Musselshell ,montana,20.5,76.2
Park ,montana,43.2,53.7
Petroleum ,montana,16.4,80.5
Phillips ,montana,21.1,75.8
Pondera ,montana,35.8,61.6
Powder River ,montana,16.7,81.7
Powell ,montana,32,65.1
Prairie ,montana,23.8,73.9
Ravalli ,montana,32.7,64.7
Richland ,montana,21.6,75.6
Roosevelt ,montana,56.5,41.5
Rosebud ,montana,40.9,56.4
Sanders ,montana,29.1,67.4
Sheridan ,montana,34.4,62.7
Silver Bow ,montana,64.9,32.3
Stillwater ,montana,26.5,71
Sweet Grass ,montana,22.5,75.2
Teton ,montana,33,64.3
Toole ,montana,27.7,68.5
Treasure ,montana,25.2,70
Valley ,montana,35.9,60.5
Wheatland ,montana,27.5,69.8
Wibaux ,montana,4.6,77.4
Yellowstone ,montana,38.3,59
Adams ,nebraska,32.1,66.1
Antelope ,nebraska,17.8,80.6
Arthur ,nebraska,11.5,87
Banner ,nebraska,13.7,84.3
Blaine ,nebraska,9.6,89
Boone ,nebraska,22,76.3
Box Butte ,nebraska,36,61.6
Boyd ,nebraska,17.8,81.4
Brown ,nebraska,14.4,84
Buffalo ,nebraska,27.6,70.2
Burt ,nebraska,38.3,60.3
Butler ,nebraska,26.9,71.5
Cass ,nebraska,36,62.4
Cedar ,nebraska,22.3,75.8
Chase ,nebraska,13.6,85.1
Cherry ,nebraska,14.3,83.8
Cheyenne ,nebraska,23.4,74.7
Clay ,nebraska,22.7,75.9
Colfax ,nebraska,31.5,67.1
Cuming ,nebraska,25.8,72.8
Custer ,nebraska,19.7,78.5
Dakota ,nebraska,47.4,51
Dawes ,nebraska,30.3,67
Dawson ,nebraska,28.1,69.9
Deuel ,nebraska,21.2,75.4
Dixon ,nebraska,32.6,65.5
Dodge ,nebraska,37.9,60.6
Douglas ,nebraska,47.2,51.5
Dundy ,nebraska,17.9,80.6
Fillmore ,nebraska,28.2,70.1
Franklin ,nebraska,25,72.7
Frontier ,nebraska,26.8,70.7
Furnas ,nebraska,19.1,79.8
Gage ,nebraska,40.5,57.3
Garden ,nebraska,22.2,76.2
Garfield ,nebraska,15.8,82.1
Gosper ,nebraska,23.6,75.1
Grant ,nebraska,8.3,88.7
Greeley ,nebraska,28.8,69.4
Hall ,nebraska,35.3,62.9
Hamilton ,nebraska,23.5,74.3
Harlan ,nebraska,19.6,78.8
Hayes ,nebraska,9.3,88.4
Hitchcock ,nebraska,17.8,79.7
Holt ,nebraska,18.2,79.8
Hooker ,nebraska,15,83.8
Howard ,nebraska,32,66.2
Jefferson ,nebraska,34.7,63.1
Johnson ,nebraska,38.4,59.5
Kearney ,nebraska,24.1,74.2
Keith ,nebraska,22.9,75.4
Keya Paha ,nebraska,16.6,81.5
Kimball ,nebraska,23.5,73.4
Knox ,nebraska,26.3,71.7
Lancaster ,nebraska,48.7,49.7
Lincoln ,nebraska,28.5,69.1
Logan ,nebraska,15.8,82.6
Loup ,nebraska,17.4,81.5
Madison ,nebraska,24.9,73.1
McPherson ,nebraska,14.1,81.7
Merrick ,nebraska,26.6,71.7
Morrill ,nebraska,20.9,77
Nance ,nebraska,29.7,68.5
Nemaha ,nebraska,34.8,63.3
Nuckolls ,nebraska,26.1,72
Otoe ,nebraska,36.8,61.2
Pawnee ,nebraska,29.8,67.4
Perkins ,nebraska,17,81.5
Phelps ,nebraska,20.2,77.8
Pierce ,nebraska,18.7,79.3
Platte ,nebraska,23.4,75.2
Polk ,nebraska,21.5,77.1
Red Willow ,nebraska,19.3,79.2
Richardson ,nebraska,32.1,65.4
Rock ,nebraska,13.1,85.3
Saline ,nebraska,46.2,52.1
Sarpy ,nebraska,37.3,60.9
Saunders ,nebraska,32.1,65.9
Scotts Bluff ,nebraska,30.2,68
Seward ,nebraska,31.7,66.4
Sheridan ,nebraska,15.9,82
Sherman ,nebraska,36.4,60.9
Sioux ,nebraska,13.7,84.8
Stanton ,nebraska,23.1,74.2
Thayer ,nebraska,27.6,70.5
Thomas ,nebraska,10.3,88.2
Thurston ,nebraska,57.9,41.3
Valley ,nebraska,22.8,75.8
Washington ,nebraska,30.7,67.8
Wayne ,nebraska,29.4,68.1
Webster ,nebraska,25.4,72.5
Wheeler ,nebraska,20.9,77.4
York ,nebraska,21.6,77.1
Carson City ,nevada,44.1,53.2
Churchill ,nevada,28.8,68.8
Clark ,nevada,56.4,41.9
Douglas ,nevada,35.6,62.4
Elko ,nevada,22,75.2
Esmeralda ,nevada,21.1,72.9
Eureka ,nevada,13.2,82.1
Humboldt ,nevada,30.2,66.3
Lander ,nevada,24.7,73
Lincoln ,nevada,18.6,78.6
Lyon ,nevada,34.4,63
Mineral ,nevada,42.4,53.1
Nye ,nevada,36.1,60.3
Pershing ,nevada,33.5,61.9
Storey ,nevada,39.8,57.1
Washoe ,nevada,50.7,47.2
White Pine ,nevada,26.5,70.2
Belknap ,new hampshire,47,52
Carroll ,new hampshire,49.1,49.9
Cheshire ,new hampshire,61.7,36.9
Coos ,new hampshire,58.2,40.6
Grafton ,new hampshire,61.2,37.3
Hillsborough ,new hampshire,50.1,48.4
Merrimack ,new hampshire,55.8,43
Rockingham ,new hampshire,47.2,51.7
Strafford ,new hampshire,56.5,42
Sullivan ,new hampshire,55.8,42.5
Atlantic ,new jersey,58.1,40.9
Bergen ,new jersey,55,44.1
Burlington ,new jersey,58.8,40.1
Camden ,new jersey,67.8,31.2
Cape May ,new jersey,45,54
Cumberland ,new jersey,61,37.9
Essex ,new jersey,77.4,21.9
Gloucester ,new jersey,54.6,44.1
Hudson ,new jersey,77.4,21.6
Hunterdon ,new jersey,40,58.9
Mercer ,new jersey,67.8,31
Middlesex ,new jersey,62.9,35.9
Monmouth ,new jersey,46.7,52.2
Morris ,new jersey,43.7,55.3
Ocean ,new jersey,40.6,58.4
Passaic ,new jersey,63.2,35.9
Salem ,new jersey,49.6,48.8
Somerset ,new jersey,52,46.8
Sussex ,new jersey,37.9,60.3
Union ,new jersey,66.3,32.8
Warren ,new jersey,41.3,57
Bernalillo ,new mexico,55.6,39.3
Catron ,new mexico,26.5,70.2
Chaves ,new mexico,32.3,64.7
Cibola ,new mexico,60.2,36.4
Colfax ,new mexico,48.8,46.9
Curry ,new mexico,29.4,68
DeBaca ,new mexico,31.9,65.1
Dona Ana ,new mexico,56,41.1
Eddy ,new mexico,31.8,65.4
Grant ,new mexico,55,41.5
Guadalupe ,new mexico,70.2,26.2
Harding ,new mexico,43.3,54.3
Hidalgo ,new mexico,51.5,46.4
Lea ,new mexico,24,73.7
Lincoln ,new mexico,31.8,64.5
Los Alamos ,new mexico,48.7,45
Luna ,new mexico,47.8,48.9
McKinley ,new mexico,72.1,25.4
Mora ,new mexico,75,22.7
Otero ,new mexico,34.2,62.2
Quay ,new mexico,37.4,59.4
Rio Arriba ,new mexico,74.7,22.1
Roosevelt ,new mexico,28.9,67.8
San Juan ,new mexico,34.1,62.6
San Miguel ,new mexico,76.9,20
Sandoval ,new mexico,50.3,45.2
Santa Fe ,new mexico,73.4,22.4
Sierra ,new mexico,38.5,57.4
Socorro ,new mexico,56.2,38.1
Taos ,new mexico,78.1,17.8
Torrance ,new mexico,37.9,55.2
Union ,new mexico,26.9,70.2
Valencia ,new mexico,48.7,46.3
Albany ,new york,64.4,33.5
Allegany ,new york,36.3,61.6
Bronx ,new york,91.2,8.3
Brooklyn ,new york,81.4,17.6
Broome ,new york,50.9,46.4
Cattaraugus ,new york,42.4,55.8
Cayuga ,new york,54.3,43.6
Chautauqua ,new york,45,53.3
Chemung ,new york,47.8,50.7
Chenango ,new york,47.2,50.6
Clinton ,new york,62,36.4
Columbia ,new york,54.8,43
Cortland ,new york,53.4,44.6
Delaware ,new york,44.2,53.7
Dutchess ,new york,52.5,45.8
Erie ,new york,56.9,41.3
Essex ,new york,56.7,41.7
Franklin ,new york,62.4,36.1
Fulton ,new york,43.9,54.4
Genesee ,new york,38.5,59.4
Greene ,new york,43.3,54.4
Hamilton ,new york,36,62.2
Herkimer ,new york,44.8,53.2
Jefferson ,new york,47.9,50.8
Lewis ,new york,45,53.6
Livingston ,new york,44.3,53.7
Madison ,new york,49.1,48.8
Manhattan ,new york,84.2,14.6
Monroe ,new york,57.8,40.4
Montgomery ,new york,47,51.4
Nassau ,new york,52.9,46.2
Niagara ,new york,49.4,48.8
Oneida ,new york,46.5,51.8
Onondaga ,new york,59.7,38.6
Ontario ,new york,48.2,49.8
Orange ,new york,51.9,46.7
Orleans ,new york,39.3,58.7
Oswego ,new york,52.8,45
Otsego ,new york,50,48
Putnam ,new york,43.7,54.9
Queens ,new york,78.8,20.3
Rensselaer ,new york,54.8,43
Rockland ,new york,52.8,46.2
Saint Lawrence ,new york,57.5,40.9
Saratoga ,new york,50.1,48
Schenectady ,new york,56.7,41.3
Schoharie ,new york,40.7,57.3
Schuyler ,new york,44.9,52.8
Seneca ,new york,53.7,44.5
Staten Island ,new york,49.9,49.1
Steuben ,new york,40.9,57.3
Suffolk ,new york,50.8,48
Sullivan ,new york,54.4,44
Tioga ,new york,41.4,56.5
Tompkins ,new york,68.2,28.5
Ulster ,new york,59.8,37.9
Warren ,new york,50,47.9
Washington ,new york,49.8,48.2
Wayne ,new york,44.4,53.7
Westchester ,new york,60.4,38.2
Wyoming ,new york,34.3,63.9
Yates ,new york,47.7,50.6
Alamance ,north carolina,42.5,56.6
Alexander ,north carolina,26.9,71.6
Alleghany ,north carolina,31.3,67.2
Anson ,north carolina,62.3,37.3
Ashe ,north carolina,32.8,65.7
Avery ,north carolina,24.3,74.5
Beaufort ,north carolina,40.1,59.3
Bertie ,north carolina,65.8,33.9
Bladen ,north carolina,50.6,48.6
Brunswick ,north carolina,38.5,60.7
Buncombe ,north carolina,55.5,43.1
Burke ,north carolina,37.6,61.2
Cabarrus ,north carolina,39.4,59.6
Caldwell ,north carolina,31.4,67.2
Camden ,north carolina,32.2,66.3
Carteret ,north carolina,29,70
Caswell ,north carolina,48.3,51
Catawba ,north carolina,34.7,64.2
Chatham ,north carolina,51.9,47.2
Cherokee ,north carolina,26.3,72.5
Chowan ,north carolina,47.2,52.2
Clay ,north carolina,28.1,70.7
Cleveland ,north carolina,39.3,59.8
Columbus ,north carolina,45.7,53.6
Craven ,north carolina,40.7,58.5
Cumberland ,north carolina,59.5,39.8
Currituck ,north carolina,31.6,66.6
Dare ,north carolina,41.2,57.4
Davidson ,north carolina,29,69.9
Davie ,north carolina,27.7,71.3
Duplin ,north carolina,43.8,55.6
Durham ,north carolina,75.9,23.2
Edgecombe ,north carolina,68,31.7
Forsyth ,north carolina,53.2,45.9
Franklin ,north carolina,47.5,51.6
Gaston ,north carolina,36.7,62.3
Gates ,north carolina,51.7,47.7
Graham ,north carolina,28.5,70.2
Granville ,north carolina,51.9,47.3
Greene ,north carolina,45.9,53.6
Guilford ,north carolina,57.8,41.3
Halifax ,north carolina,65.8,33.8
Harnett ,north carolina,39.8,59.2
Haywood ,north carolina,42.4,56.2
Henderson ,north carolina,35.6,63.2
Hertford ,north carolina,71.9,27.6
Hoke ,north carolina,59,40
Hyde ,north carolina,49.1,50.2
Iredell ,north carolina,34.3,64.8
Jackson ,north carolina,48.6,49.7
Johnston ,north carolina,35.6,63.4
Jones ,north carolina,45,54.4
Lee ,north carolina,44.4,54.6
Lenoir ,north carolina,49,50.5
Lincoln ,north carolina,30.1,68.9
Macon ,north carolina,34,64.6
Madison ,north carolina,44.6,53.7
Martin ,north carolina,51.9,47.5
McDowell ,north carolina,33.5,65.3
Mecklenburg ,north carolina,60.8,38.3
Mitchell ,north carolina,23.6,75.3
Montgomery ,north carolina,41.9,57.2
Moore ,north carolina,35.6,63.7
Nash ,north carolina,50.2,49.3
New Hanover ,north carolina,47.1,51.7
Northampton ,north carolina,67.3,32.4
Onslow ,north carolina,36,62.9
Orange ,north carolina,70.4,28.2
Pamlico ,north carolina,39.2,60.1
Pasquotank ,north carolina,57.5,41.6
Pender ,north carolina,39.3,59.8
Perquimans ,north carolina,41.5,57.6
Person ,north carolina,44.1,55.1
Pitt ,north carolina,53,46.3
Polk ,north carolina,38.7,60.2
Randolph ,north carolina,24.4,74.6
Richmond ,north carolina,51,48.3
Robeson ,north carolina,57.9,41.3
Rockingham ,north carolina,38.9,60.3
Rowan ,north carolina,36.5,62.5
Rutherford ,north carolina,32.7,66.2
Sampson ,north carolina,44.2,55.2
Scotland ,north carolina,58,41.4
Stanly ,north carolina,29.3,69.7
Stokes ,north carolina,27.9,70.8
Surry ,north carolina,30.9,67.9
Swain ,north carolina,45.9,52.2
Transylvania ,north carolina,40.9,57.8
Tyrrell ,north carolina,47,52.3
Union ,north carolina,34.3,64.7
Vance ,north carolina,64,35.7
Wake ,north carolina,54.5,44.2
Warren ,north carolina,67.9,31.8
Washington ,north carolina,59,40.5
Watauga ,north carolina,47.5,50.1
Wayne ,north carolina,45.4,54
Wilkes ,north carolina,28,70.7
Wilson ,north carolina,53.3,46
Yadkin ,north carolina,23.6,75
Yancey ,north carolina,42.3,56.2
Adams ,north dakota,25.6,71.5
Barnes ,north dakota,43.7,54
Benson ,north dakota,57.4,40.4
Billings ,north dakota,15.4,81.8
Bottineau ,north dakota,33.4,64.5
Bowman ,north dakota,23.8,73.9
Burke ,north dakota,22.7,75.5
Burleigh ,north dakota,32.7,64.9
Cass ,north dakota,47.3,50.2
Cavalier ,north dakota,39.8,58
Dickey ,north dakota,33.8,63.7
Divide ,north dakota,33.2,63.5
Dunn ,north dakota,24.6,74.6
Eddy ,north dakota,42.2,55
Emmons ,north dakota,20.6,76.8
Foster ,north dakota,36.1,61.4
Golden Valley ,north dakota,17.4,80.1
Grand Forks ,north dakota,47,50.5
Grant ,north dakota,23.9,73.2
Griggs ,north dakota,40.1,57.7
Hettinger ,north dakota,23.2,73.9
Kidder ,north dakota,30,66.4
LaMoure ,north dakota,33.8,63.1
Logan ,north dakota,21.2,76.7
McHenry ,north dakota,34.8,62.2
McIntosh ,north dakota,30.2,68.1
McKenzie ,north dakota,27.1,71.6
McLean ,north dakota,33.9,64
Mercer ,north dakota,26.4,71.3
Morton ,north dakota,33.1,64.2
Mountrail ,north dakota,40.7,56.9
Nelson ,north dakota,45.9,51.7
Oliver ,north dakota,27.8,68.6
Pembina ,north dakota,38.6,58.7
Pierce ,north dakota,30.3,67.6
Ramsey ,north dakota,43.5,53.5
Ransom ,north dakota,55.6,41.8
Renville ,north dakota,31.3,66.8
Richland ,north dakota,42.3,55.8
Rolette ,north dakota,74,24.1
Sargent ,north dakota,54,44.1
Sheridan ,north dakota,19.9,78.8
Sioux ,north dakota,79.1,19.6
Slope ,north dakota,19.1,78.6
Stark ,north dakota,24.3,73.7
Steele ,north dakota,50.1,48.2
Stutsman ,north dakota,37.8,59.8
Towner ,north dakota,43.9,53.2
Traill ,north dakota,46.4,51.1
Walsh ,north dakota,41.8,55.5
Ward ,north dakota,33.3,64.1
Wells ,north dakota,28.4,69.8
Williams ,north dakota,23.8,73.8
Adams ,ohio,35.8,62
Allen ,ohio,36.3,62
Ashland ,ohio,33.9,63.9
Ashtabula ,ohio,55,42.8
Athens ,ohio,66.1,31.1
Auglaize ,ohio,24.7,73.6
Belmont ,ohio,44.8,53.2
Brown ,ohio,36.5,61.6
Butler ,ohio,36.1,62.3
Carroll ,ohio,41.6,55.4
Champaign ,ohio,39.1,59.2
Clark ,ohio,48.3,50.1
Clermont ,ohio,31.4,67
Clinton ,ohio,31.4,66.5
Columbiana ,ohio,42.9,55
Coshocton ,ohio,44,53.4
Crawford ,ohio,37.6,60.2
Cuyahoga ,ohio,68.8,30.2
Darke ,ohio,26.6,71.5
Defiance ,ohio,41.9,56
Delaware ,ohio,37.5,61.2
Erie ,ohio,54.8,43.5
Fairfield ,ohio,41.1,57.3
Fayette ,ohio,38.2,60.5
Franklin ,ohio,60.1,38.4
Fulton ,ohio,42.3,55.5
Gallia ,ohio,35.9,62
Geauga ,ohio,38.5,60.1
Greene ,ohio,38.3,60
Guernsey ,ohio,44.1,53.7
Hamilton ,ohio,51.8,46.9
Hancock ,ohio,34.9,63.2
Hardin ,ohio,36.9,60.4
Harrison ,ohio,41.4,56.2
Henry ,ohio,39.6,58.2
Highland ,ohio,33.6,64.3
Hocking ,ohio,48.3,49.4
Holmes ,ohio,22.6,75.4
Huron ,ohio,44.3,53.2
Jackson ,ohio,38.4,59.2
Jefferson ,ohio,46.3,51.7
Knox ,ohio,36.8,61.1
Lake ,ohio,48.3,50
Lawrence ,ohio,41.4,56.9
Licking ,ohio,41.7,56.3
Logan ,ohio,33.1,64.9
Lorain ,ohio,56.4,41.9
Lucas ,ohio,64.3,33.9
Madison ,ohio,38.9,59.3
Mahoning ,ohio,63.2,35.5
Marion ,ohio,45.1,52.7
Medina ,ohio,42.6,55.7
Meigs ,ohio,39.2,57.9
Mercer ,ohio,21.8,76.6
Miami ,ohio,31.3,66.9
Monroe ,ohio,44.6,52.5
Montgomery ,ohio,50.7,47.7
Morgan ,ohio,45.9,51.9
Morrow ,ohio,36.6,61.1
Muskingum ,ohio,45.4,52.4
Noble ,ohio,36.2,60.8
Ottawa ,ohio,51.1,47.1
Paulding ,ohio,38.5,58.9
Perry ,ohio,46.7,51.1
Pickaway ,ohio,39.8,58.5
Pike ,ohio,48.9,49.3
Portage ,ohio,51.4,46.6
Preble ,ohio,30.6,67.3
Putnam ,ohio,23.4,74.8
Richland ,ohio,38.9,59.1
Ross ,ohio,48,50.4
Sandusky ,ohio,49.8,47.9
Scioto ,ohio,48.1,50
Seneca ,ohio,44.5,52.9
Shelby ,ohio,26.2,72.2
Stark ,ohio,48.9,49.2
Summit ,ohio,56.7,41.9
Trumbull ,ohio,60.2,38
Tuscarawas ,ohio,43.9,53.7
Union ,ohio,34.3,63.9
Van Wert ,ohio,28.9,69.4
Vinton ,ohio,44.5,52.3
Warren ,ohio,29.5,69.1
Washington ,ohio,39.4,58.8
Wayne ,ohio,38.4,59.7
Williams ,ohio,40.8,57.1
Wood ,ohio,51,46.8
Wyandot ,ohio,38.6,59
Adair ,oklahoma,32.6,67.4
Alfalfa ,oklahoma,15.3,84.7
Atoka ,oklahoma,26,74
Beaver ,oklahoma,10.6,89.4
Beckham ,oklahoma,20.5,79.5
Blaine ,oklahoma,26,74
Bryan ,oklahoma,27.8,72.2
Caddo ,oklahoma,35.8,64.2
Canadian ,oklahoma,22.8,77.2
Carter ,oklahoma,28.7,71.3
Cherokee ,oklahoma,43,57
Choctaw ,oklahoma,29.5,70.5
Cimarron ,oklahoma,9.6,90.4
Cleveland ,oklahoma,37,63
Coal ,oklahoma,27.5,72.5
Comanche ,oklahoma,41.5,58.5
Cotton ,oklahoma,26.8,73.2
Craig ,oklahoma,33,67
Creek ,oklahoma,27.3,72.7
Custer ,oklahoma,24.1,75.9
Delaware ,oklahoma,29.3,70.7
Dewey ,oklahoma,14.5,85.5
Ellis ,oklahoma,12.5,87.5
Garfield ,oklahoma,23.8,76.2
Garvin ,oklahoma,27,73
Grady ,oklahoma,24.4,75.6
Grant ,oklahoma,19,81
Greer ,oklahoma,26.6,73.4
Harmon ,oklahoma,28.6,71.4
Harper ,oklahoma,12.1,87.9
Haskell ,oklahoma,27.7,72.3
Hughes ,oklahoma,32.6,67.4
Jackson ,oklahoma,24.7,75.3
Jefferson ,oklahoma,26.9,73.1
Johnston ,oklahoma,30,70
Kay ,oklahoma,28.7,71.3
Kingfisher ,oklahoma,15.8,84.2
Kiowa ,oklahoma,32.3,67.7
Latimer ,oklahoma,30.9,69.1
LeFlore ,oklahoma,29.4,70.6
Lincoln ,oklahoma,25.5,74.5
Logan ,oklahoma,27.6,72.4
Love ,oklahoma,29.8,70.2
Major ,oklahoma,14.2,85.8
Marshall ,oklahoma,27.2,72.8
Mayes ,oklahoma,33.4,66.6
McClain ,oklahoma,22.3,77.7
McCurtain ,oklahoma,24.2,75.8
McIntosh ,oklahoma,38.1,61.9
Murray ,oklahoma,29.9,70.1
Muskogee ,oklahoma,42.6,57.4
Noble ,oklahoma,24.7,75.3
Nowata ,oklahoma,30.5,69.5
Okfuskee ,oklahoma,35,65
Oklahoma ,oklahoma,41.7,58.3
Okmulgee ,oklahoma,41.3,58.7
Osage ,oklahoma,37.4,62.6
Ottawa ,oklahoma,35.2,64.8
Pawnee ,oklahoma,30,70
Payne ,oklahoma,35.8,64.2
Pittsburg ,oklahoma,30.9,69.1
Pontotoc ,oklahoma,30.6,69.4
Pottawatomie ,oklahoma,30.7,69.3
Pushmataha ,oklahoma,25.3,74.7
Roger Mills ,oklahoma,16.2,83.8
Rogers ,oklahoma,24.9,75.1
Seminole ,oklahoma,34.9,65.1
Sequoyah ,oklahoma,30.5,69.5
Stephens ,oklahoma,23.4,76.6
Texas ,oklahoma,14.8,85.2
Tillman ,oklahoma,33.3,66.7
Tulsa ,oklahoma,36.3,63.7
Wagoner ,oklahoma,27.2,72.8
Washington ,oklahoma,26.1,73.9
Washita ,oklahoma,19.1,80.9
Woods ,oklahoma,19.7,80.3
Woodward ,oklahoma,16,84
Baker ,oregon,28.3,68.2
Benton ,oregon,62.5,33.7
Clackamas ,oregon,50.7,47.2
Clatsop ,oregon,55.9,41.3
Columbia ,oregon,50.8,45.7
Coos ,oregon,45.2,51.6
Crook ,oregon,30.5,67
Curry ,oregon,40,57
Deschutes ,oregon,45.2,52.5
Douglas ,oregon,34.7,62.3
Gilliam ,oregon,35.5,61
Grant ,oregon,22.1,75.4
Harney ,oregon,23.5,73.5
Hood River ,oregon,61.9,35.2
Jackson ,oregon,46,51.1
Jefferson ,oregon,40.6,57.4
Josephine ,oregon,37.6,59.6
Klamath ,oregon,29.6,67.8
Lake ,oregon,20.9,76.2
Lane ,oregon,60.1,36.7
Lincoln ,oregon,58.7,38.1
Linn ,oregon,39.8,57
Malheur ,oregon,27.8,69.5
Marion ,oregon,47,50.6
Morrow ,oregon,31,65.8
Multnomah ,oregon,75.8,20.9
Polk ,oregon,46.4,51.1
Sherman ,oregon,31.1,66.4
Tillamook ,oregon,50.6,45.9
Umatilla ,oregon,34.5,62.6
Union ,oregon,33.1,63.9
Wallowa ,oregon,30.2,67.3
Wasco ,oregon,48,48.8
Washington ,oregon,57.5,40
Wheeler ,oregon,31.2,64.4
Yamhill ,oregon,45.3,52
Adams ,pennsylvania,35.5,63.1
Allegheny ,pennsylvania,56.6,42.2
Armstrong ,pennsylvania,30.7,67.9
Beaver ,pennsylvania,46,52.6
Bedford ,pennsylvania,22.1,77
Berks ,pennsylvania,48.9,49.5
Blair ,pennsylvania,32.6,66.1
Bradford ,pennsylvania,36.8,61.5
Bucks ,pennsylvania,50,48.8
Butler ,pennsylvania,31.9,66.8
Cambria ,pennsylvania,40.2,58
Cameron ,pennsylvania,34.4,64.3
Carbon ,pennsylvania,45.6,52.5
Centre ,pennsylvania,48.9,49
Chester ,pennsylvania,49.2,49.7
Clarion ,pennsylvania,31.1,67.2
Clearfield ,pennsylvania,34.8,63.7
Clinton ,pennsylvania,43.5,54.8
Columbia ,pennsylvania,42.9,55.3
Crawford ,pennsylvania,39.4,58.9
Cumberland ,pennsylvania,40,58.5
Dauphin ,pennsylvania,52.4,46.4
Delaware ,pennsylvania,60.4,38.6
Elk ,pennsylvania,41.4,57.1
Erie ,pennsylvania,57.8,40.9
Fayette ,pennsylvania,45.3,53.6
Forest ,pennsylvania,38.7,59.8
Franklin ,pennsylvania,30.1,68.6
Fulton ,pennsylvania,21.1,77.7
Greene ,pennsylvania,40.5,58.2
Huntingdon ,pennsylvania,30.6,68
Indiana ,pennsylvania,39.8,58.6
Jefferson ,pennsylvania,26.6,72
Juniata ,pennsylvania,26.7,72
Lackawanna ,pennsylvania,63.1,35.8
Lancaster ,pennsylvania,39.7,58.9
Lawrence ,pennsylvania,44.9,53.9
Lebanon ,pennsylvania,35.3,63.2
Lehigh ,pennsylvania,53.2,45.6
Luzerne ,pennsylvania,51.7,46.8
Lycoming ,pennsylvania,32.7,66
McKean ,pennsylvania,35,63.2
Mercer ,pennsylvania,48,50.6
Mifflin ,pennsylvania,26.1,72.9
Monroe ,pennsylvania,56.4,42.3
Montgomery ,pennsylvania,56.6,42.3
Montour ,pennsylvania,38.9,59.5
Northampton ,pennsylvania,51.6,47.1
Northumberland ,pennsylvania,39.3,58.8
Perry ,pennsylvania,29.8,68.6
Philadelphia ,pennsylvania,85.2,14.1
Pike ,pennsylvania,43.9,54.9
Potter ,pennsylvania,26.3,72.2
Schuylkill ,pennsylvania,42.5,55.9
Snyder ,pennsylvania,31.2,67.2
Somerset ,pennsylvania,27.8,70.7
Sullivan ,pennsylvania,35,63.4
Susquehanna ,pennsylvania,38.4,59.9
Tioga ,pennsylvania,31.7,66.5
Union ,pennsylvania,37.5,60.9
Venango ,pennsylvania,36,62.2
Warren ,pennsylvania,41.1,57.2
Washington ,pennsylvania,42.7,56
Wayne ,pennsylvania,38.8,59.8
Westmoreland ,pennsylvania,37.6,61.3
Wyoming ,pennsylvania,42.9,55.2
York ,pennsylvania,38.7,59.9
Bristol ,rhode island,60.8,37.5
Kent ,rhode island,58.2,39.9
Newport ,rhode island,58,40.3
Providence ,rhode island,66.6,31.8
Washington ,rhode island,57.3,40.5
Abbeville ,south carolina,42.6,56
Aiken ,south carolina,36.3,62.3
Allendale ,south carolina,78.3,21
Anderson ,south carolina,31,67.4
Bamberg ,south carolina,67.1,32
Barnwell ,south carolina,52.3,47
Beaufort ,south carolina,40.7,58.2
Berkeley ,south carolina,39.7,58.5
Calhoun ,south carolina,51.6,47.3
Charleston ,south carolina,50.4,48
Cherokee ,south carolina,34.8,64.1
Chester ,south carolina,54.7,44.2
Chesterfield ,south carolina,47.9,51.2
Clarendon ,south carolina,56.1,43.1
Colleton ,south carolina,49.6,49.4
Darlington ,south carolina,51.3,47.9
Dillon ,south carolina,57.8,41.5
Dorchester ,south carolina,41.2,57.2
Edgefield ,south carolina,42.9,56.2
Fairfield ,south carolina,65.3,33.7
Florence ,south carolina,49.3,49.8
Georgetown ,south carolina,45.7,53.4
Greenville ,south carolina,35.2,63
Greenwood ,south carolina,41.7,57.1
Hampton ,south carolina,63.3,36
Horry ,south carolina,35,63.7
Jasper ,south carolina,57.3,41.7
Kershaw ,south carolina,40,58.6
Lancaster ,south carolina,40.4,58.4
Laurens ,south carolina,40.6,58
Lee ,south carolina,67.1,31.8
Lexington ,south carolina,30.3,68.1
Marion ,south carolina,64.5,34.6
Marlboro ,south carolina,64.8,34.4
McCormick ,south carolina,51.3,47.9
Newberry ,south carolina,42.3,56.6
Oconee ,south carolina,27.9,70.5
Orangeburg ,south carolina,71.4,27.9
Pickens ,south carolina,24.5,73.5
Richland ,south carolina,66,32.7
Saluda ,south carolina,38.8,60
Spartanburg ,south carolina,37.8,60.9
Sumter ,south carolina,58.3,40.8
Union ,south carolina,46.1,52.6
Williamsburg ,south carolina,69.5,29.6
York ,south carolina,39,59.5
Aurora ,south dakota,39.7,57.4
Beadle ,south dakota,39.7,58.2
Bennett ,south dakota,45.6,52
Bon Homme ,south dakota,38,59.5
Brookings ,south dakota,47,50.2
Brown ,south dakota,45.1,51.8
Brule ,south dakota,34.6,63
Buffalo ,south dakota,73.6,25.9
Butte ,south dakota,23.8,73
Campbell ,south dakota,19.4,78.3
Charles Mix ,south dakota,39.4,59.3
Clark ,south dakota,39.2,58.6
Clay ,south dakota,56.5,41
Codington ,south dakota,39.8,58.1
Corson ,south dakota,54,43
Custer ,south dakota,29.5,67.7
Davison ,south dakota,38.2,59.7
Day ,south dakota,52.1,45.9
Deuel ,south dakota,43.3,54.1
Dewey ,south dakota,63.7,35
Douglas ,south dakota,19.6,78.9
Edmunds ,south dakota,32.1,65.3
Fall River ,south dakota,32.4,64.3
Faulk ,south dakota,29.4,67.9
Grant ,south dakota,41.4,56.4
Gregory ,south dakota,27.8,70.1
Haakon ,south dakota,12.6,86.1
Hamlin ,south dakota,33,64.6
Hand ,south dakota,31.1,67.2
Hanson ,south dakota,31.5,67.3
Harding ,south dakota,11.1,86.3
Hughes ,south dakota,34.2,64
Hutchinson ,south dakota,26.9,71.6
Hyde ,south dakota,25.8,72.4
Jackson ,south dakota,38.5,59.8
Jerauld ,south dakota,44.9,53.5
Jones ,south dakota,17.7,80.5
Kingsbury ,south dakota,41.9,55.6
Lake ,south dakota,43.3,54.4
Lawrence ,south dakota,35,61.8
Lincoln ,south dakota,36.4,62
Lyman ,south dakota,38.6,59.5
Marshall ,south dakota,53.4,44.7
McCook ,south dakota,34.6,63.3
McPherson ,south dakota,22.4,75.8
Meade ,south dakota,27.1,69.9
Mellette ,south dakota,48.8,49.5
Miner ,south dakota,42,55.8
Minnehaha ,south dakota,45.3,52.7
Moody ,south dakota,47.1,50.6
Pennington ,south dakota,34,63.5
Perkins ,south dakota,20.1,75.8
Potter ,south dakota,24.5,74.5
Roberts ,south dakota,54.1,44.2
Sanborn ,south dakota,34.9,61.7
Shannon ,south dakota,93.4,6
Spink ,south dakota,42.7,54.9
Stanley ,south dakota,28.2,69
Sully ,south dakota,22.8,74.9
Todd ,south dakota,79.1,19.9
Tripp ,south dakota,27.4,70.8
Turner ,south dakota,33.5,64.5
Union ,south dakota,36.6,61.8
Walworth ,south dakota,27.3,70.3
Yankton ,south dakota,42.4,55
Ziebach ,south dakota,57.7,41.3
Anderson ,tennessee,34.1,63.9
Bedford ,tennessee,29.1,69.5
Benton ,tennessee,36.2,61.9
Bledsoe ,tennessee,29.1,69.3
Blount ,tennessee,26.3,72
Bradley ,tennessee,22.3,76.3
Campbell ,tennessee,27.5,71.1
Cannon ,tennessee,31.4,66.6
Carroll ,tennessee,32,66.6
Carter ,tennessee,23.2,75.2
Cheatham ,tennessee,30.7,67.6
Chester ,tennessee,25.4,73
Claiborne ,tennessee,23.9,74.8
Clay ,tennessee,36.8,62
Cocke ,tennessee,24.5,73.9
Coffee ,tennessee,30.5,67.6
Crockett ,tennessee,30.4,68.8
Cumberland ,tennessee,24.8,73.9
Davidson ,tennessee,58.5,39.8
Decatur ,tennessee,30.6,67.6
DeKalb ,tennessee,33.8,64.5
Dickson ,tennessee,34.9,63.3
Dyer ,tennessee,27.2,71.9
Fayette ,tennessee,34.2,64.8
Fentress ,tennessee,22.6,76.1
Franklin ,tennessee,34.7,63.7
Gibson ,tennessee,33.4,65.5
Giles ,tennessee,34.8,64
Grainger ,tennessee,23,75.4
Greene ,tennessee,26,72
Grundy ,tennessee,38.8,59.3
Hamblen ,tennessee,26.1,72.5
Hamilton ,tennessee,41.3,56.1
Hancock ,tennessee,23.2,74.6
Hardeman ,tennessee,52.5,46.6
Hardin ,tennessee,23.5,75.1
Hawkins ,tennessee,25.7,72.6
Haywood ,tennessee,60.4,39.1
Henderson ,tennessee,25,73.8
Henry ,tennessee,34.1,64.3
Hickman ,tennessee,35.5,62.6
Houston ,tennessee,46.3,52.2
Humphreys ,tennessee,42.3,55.8
Jackson ,tennessee,41.6,57
Jefferson ,tennessee,24.1,74.2
Johnson ,tennessee,23.9,74.4
Knox ,tennessee,34.4,63.6
Lake ,tennessee,42.4,55.7
Lauderdale ,tennessee,46.2,53.1
Lawrence ,tennessee,27.8,70.8
Lewis ,tennessee,30.8,66.4
Lincoln ,tennessee,24.8,73.9
Loudon ,tennessee,22.9,75.7
Macon ,tennessee,22.5,76.2
Madison ,tennessee,45.1,54
Marion ,tennessee,38,60.2
Marshall ,tennessee,34.7,63.6
Maury ,tennessee,35.8,62.7
McMinn ,tennessee,25.8,72.7
McNairy ,tennessee,26.9,71.5
Meigs ,tennessee,29.4,68.9
Monroe ,tennessee,26.8,71.8
Montgomery ,tennessee,43.9,54.4
Moore ,tennessee,25.2,73.3
Morgan ,tennessee,26.5,71.8
Obion ,tennessee,27,71.7
Overton ,tennessee,36.6,62.3
Perry ,tennessee,37.8,60.2
Pickett ,tennessee,29.1,69.8
Polk ,tennessee,30.6,67.8
Putnam ,tennessee,30.6,67.7
Rhea ,tennessee,24.8,73.7
Roane ,tennessee,28.5,69.8
Robertson ,tennessee,31.5,67.1
Rutherford ,tennessee,36.8,61.6
Scott ,tennessee,21.8,76.7
Sequatchie ,tennessee,28.9,68.9
Sevier ,tennessee,21.9,76.7
Shelby ,tennessee,62.6,36.6
Smith ,tennessee,34.8,63.4
Stewart ,tennessee,40.4,57.9
Sullivan ,tennessee,25.6,72.7
Sumner ,tennessee,28.4,70.4
Tipton ,tennessee,29.6,69.2
Trousdale ,tennessee,42.7,55.5
Unicoi ,tennessee,27,71
Union ,tennessee,25.3,73.5
Van Buren ,tennessee,38.1,60.2
Warren ,tennessee,36.5,61.6
Washington ,tennessee,29.8,68.3
Wayne ,tennessee,21.2,77.5
Weakley ,tennessee,28.8,69.7
White ,tennessee,30.6,67.8
Williamson ,tennessee,26,72.7
Wilson ,tennessee,28.5,70.1
Anderson ,texas,23.5,75.7
Andrews ,texas,17.7,81.2
Angelina ,texas,27.6,71.5
Aransas ,texas,28,70.8
Archer ,texas,12.6,86.5
Armstrong ,texas,10.5,88.6
Atascosa ,texas,40.4,58.7
Austin ,texas,19.4,79.6
Bailey ,texas,25.7,73.7
Bandera ,texas,19.7,78.7
Bastrop ,texas,40.3,57.3
Baylor ,texas,16.8,81.5
Bee ,texas,43.8,55.3
Bell ,texas,41.2,57.6
Bexar ,texas,51.6,47
Blanco ,texas,24.5,73.2
Borden ,texas,8.8,89.5
Bosque ,texas,18.6,80.1
Bowie ,texas,28.8,70.3
Brazoria ,texas,32.3,66.4
Brazos ,texas,31.2,66.5
Brewster ,texas,45.7,51.1
Briscoe ,texas,16.7,82.3
Brooks ,texas,78.5,21.1
Brown ,texas,13.7,85.3
Burleson ,texas,26.4,72.4
Burnet ,texas,21.9,76.5
Caldwell ,texas,43.3,54.4
Calhoun ,texas,37.2,61.4
Callahan ,texas,14.5,84.2
Cameron ,texas,65.7,33.4
Camp ,texas,33,66.4
Carson ,texas,10.5,88.3
Cass ,texas,24.8,74.4
Castro ,texas,29.7,69.4
Chambers ,texas,18.9,80.1
Cherokee ,texas,24,75
Childress ,texas,16,83.4
Clay ,texas,14.6,84.4
Cochran ,texas,27.9,70.7
Coke ,texas,12.7,86.5
Coleman ,texas,12.7,86.3
Collin ,texas,33.5,65.1
Collingsworth ,texas,15.4,83.7
Colorado ,texas,25,74.3
Comal ,texas,22.2,76.3
Comanche ,texas,18.2,80.5
Concho ,texas,19.4,79.2
Cooke ,texas,15.7,83.3
Coryell ,texas,31.1,67.6
Cottle ,texas,24.4,74.8
Crane ,texas,21.4,76.8
Crockett ,texas,32.9,65.7
Crosby ,texas,35.8,63.3
Culberson ,texas,64.6,33.6
Dallam ,texas,16.5,81.5
Dallas ,texas,57.1,41.7
Dawson ,texas,27.9,71.2
De Witt ,texas,22.1,77.2
Deaf Smith ,texas,28.8,70.6
Delta ,texas,22.5,75.5
Denton ,texas,33.3,65
Dickens ,texas,21.2,77.8
Dimmit ,texas,73.4,26.1
Donley ,texas,14.7,83.9
Duval ,texas,76.7,22.5
Eastland ,texas,14.9,83.8
Ector ,texas,25,73.9
Edwards ,texas,26.3,72.6
El Paso ,texas,65.6,33
Ellis ,texas,25.7,73.2
Erath ,texas,15.8,82.8
Falls ,texas,37.4,61.8
Fannin ,texas,23,75.5
Fayette ,texas,21.9,76.9
Fisher ,texas,31.4,67.2
Floyd ,texas,26.4,73
Foard ,texas,28.4,70.2
Fort Bend ,texas,46.1,52.9
Franklin ,texas,17.6,81
Freestone ,texas,24.4,74.6
Frio ,texas,59.9,39.3
Gaines ,texas,13.2,85.7
Galveston ,texas,35.9,62.8
Garza ,texas,17.7,81.1
Gillespie ,texas,16.4,82.2
Glasscock ,texas,7.6,91
Goliad ,texas,32.6,66.5
Gonzales ,texas,29.4,69.8
Gray ,texas,12,87.2
Grayson ,texas,25.3,73.2
Gregg ,texas,29.8,69.3
Grimes ,texas,27.2,71.4
Guadalupe ,texas,31.8,66.9
Hale ,texas,25.4,73.2
Hall ,texas,23.9,75.1
Hamilton ,texas,16.6,82.2
Hansford ,texas,8.1,91.2
Hardeman ,texas,20.2,78.7
Hardin ,texas,15.8,83.3
Harris ,texas,49.4,49.3
Harrison ,texas,32.3,66.9
Hartley ,texas,9.6,89.3
Haskell ,texas,27.5,70.9
Hays ,texas,43.3,53.7
Hemphill ,texas,12.7,86
Henderson ,texas,22.1,76.9
Hidalgo ,texas,70.4,28.6
Hill ,texas,22.8,75.9
Hockley ,texas,20.8,77.9
Hood ,texas,17.1,81.7
Hopkins ,texas,21.8,77.2
Houston ,texas,27.5,71.8
Howard ,texas,20.3,78.5
Hudspeth ,texas,44,54.7
Hunt ,texas,23.8,75
Hutchinson ,texas,13.2,85.9
Irion ,texas,14.2,84.8
Jack ,texas,10.4,88.8
Jackson ,texas,21.3,77.8
Jasper ,texas,25.3,73.7
Jeff Davis ,texas,37,60.4
Jefferson ,texas,50.4,48.8
Jim Hogg ,texas,78,21.4
Jim Wells ,texas,58.2,41.2
Johnson ,texas,21.5,77.1
Jones ,texas,22,76.6
Karnes ,texas,31.7,67.5
Kaufman ,texas,27.3,71.7
Kendall ,texas,17.1,81.6
Kenedy ,texas,49.4,50
Kent ,texas,16.3,82.7
Kerr ,texas,19.8,79
Kimble ,texas,11.5,88.2
King ,texas,3.4,95.9
Kinney ,texas,36.6,61.8
Kleberg ,texas,53.4,45.6
Knox ,texas,22,76.8
La Salle ,texas,58.6,40.6
La Vaca ,texas,17.2,82
Lamar ,texas,24.3,74.6
Lamb ,texas,24.4,74.7
Lampasas ,texas,20.4,78.2
Lee ,texas,26.2,72.5
Leon ,texas,15.3,83.7
Liberty ,texas,22.9,76.2
Limestone ,texas,29.2,69.9
Lipscomb ,texas,10.2,89.4
Live Oak ,texas,22.3,76.8
Llano ,texas,19.1,79.6
Loving ,texas,14.1,84.4
Lubbock ,texas,28.8,69.7
Lynn ,texas,25.1,74.4
Madison ,texas,24,75.2
Marion ,texas,34.8,63.9
Martin ,texas,15.5,84
Mason ,texas,19.3,79.5
Matagorda ,texas,32.8,66.3
Maverick ,texas,78.6,20.6
McCulloch ,texas,17.9,80.8
McLennan ,texas,34.5,64.3
McMullen ,texas,13.2,85.8
Medina ,texas,29.8,69.1
Menard ,texas,20.1,78.4
Midland ,texas,18.6,80.1
Milam ,texas,32,66.6
Mills ,texas,12.7,85.7
Mitchell ,texas,23.2,75.9
Montague ,texas,14.4,84.5
Montgomery ,texas,19,79.7
Moore ,texas,19.3,79.6
Morris ,texas,36.2,62.9
Motley ,texas,9.2,89.8
Nacogdoches ,texas,31.3,67.5
Navarro ,texas,28.4,70.8
Newton ,texas,27.8,71.1
Nolan ,texas,26.6,71.8
Nueces ,texas,47.7,50.9
Ochiltree ,texas,8.5,90.9
Oldham ,texas,8.2,90.9
Orange ,texas,22.3,76.6
Palo Pinto ,texas,19.4,79.2
Panola ,texas,21.6,77.7
Parker ,texas,16.5,82.3
Parmer ,texas,20.7,78.8
Pecos ,texas,38.4,60.6
Polk ,texas,25.4,73.6
Potter ,texas,26.9,71.6
Presidio ,texas,70.4,27.9
Rains ,texas,18.5,80.3
Randall ,texas,15.2,83.4
Reagan ,texas,18.7,80.2
Real ,texas,18.1,80.6
Red River ,texas,29.2,69.9
Reeves ,texas,57.5,41.3
Refugio ,texas,37.3,62.1
Roberts ,texas,5.7,92.9
Robertson ,texas,38.4,60.7
Rockwall ,texas,22.8,76
Runnels ,texas,14.1,84.7
Rusk ,texas,24,75.1
Sabine ,texas,17.6,81.5
San Augustine ,texas,32.3,66.9
San Jacinto ,texas,25.1,73.9
San Patricio ,texas,39.1,59.8
San Saba ,texas,14.3,84.4
Schleicher ,texas,21.8,77.3
Scurry ,texas,16.7,82.1
Shackelford ,texas,9.6,89.4
Shelby ,texas,25,74.2
Sherman ,texas,11.7,87.5
Smith ,texas,26.1,73
Somervell ,texas,17.4,81.5
Starr ,texas,86.4,13
Stephens ,texas,13.9,84.9
Sterling ,texas,6.3,92.9
Stonewall ,texas,23.7,75.1
Sutton ,texas,24.8,74.5
Swisher ,texas,25.6,73
Tarrant ,texas,41.4,57.1
Taylor ,texas,22.5,76.1
Terrell ,texas,33.3,64.7
Terry ,texas,28.6,70.2
Throckmorton ,texas,13.4,86.1
Titus ,texas,30,69
Tom Green ,texas,25.3,73.2
Travis ,texas,60.2,36.2
Trinity ,texas,25.9,72.8
Tyler ,texas,21.8,77.3
Upshur ,texas,19.6,79.4
Upton ,texas,25.6,73.3
Uvalde ,texas,45.4,53.7
Val Verde ,texas,52.1,46.6
Van Zandt ,texas,16.2,82.8
Victoria ,texas,30.5,68.3
Walker ,texas,35.1,63.5
Waller ,texas,40.8,58.3
Ward ,texas,25.8,73
Washington ,texas,23.5,75.5
Webb ,texas,76.6,22.6
Wharton ,texas,30.1,69.2
Wheeler ,texas,10.9,88.3
Wichita ,texas,25.6,72.7
Wilbarger ,texas,24.4,74.3
Willacy ,texas,71.1,28
Williamson ,texas,37.9,59.5
Wilson ,texas,28,71
Winkler ,texas,22.8,76.3
Wise ,texas,15.6,83
Wood ,texas,17.4,81.6
Yoakum ,texas,19.2,79.8
Young ,texas,13.6,85.1
Zapata ,texas,71.3,28.1
Zavala ,texas,83.3,15.7
Beaver ,utah,13.5,85
Box Elder ,utah,10.1,88.3
Cache ,utah,14.6,83.1
Carbon ,utah,30.5,66.9
Daggett ,utah,17.9,78.4
Davis ,utah,18.1,80
Duchesne ,utah,9.1,89.4
Emery ,utah,12.9,84.8
Garfield ,utah,14.2,84
Grand ,utah,44,50.3
Iron ,utah,13.1,84.8
Juab ,utah,11.2,87
Kane ,utah,21.9,75.1
Millard ,utah,8.6,89.2
Morgan ,utah,8.8,89.5
Piute ,utah,9.5,89.1
Rich ,utah,8.3,90.8
Salt Lake ,utah,38.8,58.2
San Juan ,utah,40,58.3
Sanpete ,utah,10.1,88.2
Sevier ,utah,9,89.5
Summit ,utah,46.1,50.9
Tooele ,utah,23.1,74.5
Uintah ,utah,8.7,90
Utah ,utah,9.8,88.3
Wasatch ,utah,23,75.2
Washington ,utah,15.6,82.6
Wayne ,utah,16.1,82.2
Weber ,utah,25.8,71.8
Addison ,vermont,68.9,29.2
Bennington ,vermont,65.8,32.5
Caledonia ,vermont,60.5,37.6
Chittenden ,vermont,70.1,28.2
Essex ,vermont,55.6,42.2
Franklin ,vermont,61,37.5
Grand Isle ,vermont,62.3,36.2
Lamoille ,vermont,70.2,28.1
Orange ,vermont,65,32.9
Orleans ,vermont,61.2,37
Rutland ,vermont,60.1,38.1
Washington ,vermont,70.1,27.9
Windham ,vermont,73.7,24.5
Windsor ,vermont,68.3,30.1
Accomack ,virginia,47.8,51.3
Albemarle ,virginia,55.3,43.3
Alexandria ,virginia,71.4,27.5
Alleghany ,virginia,47.5,50.2
Amelia ,virginia,36.1,62.8
Amherst ,virginia,39.5,59.3
Appomattox ,virginia,31,67.4
Arlington ,virginia,69.2,29.4
Augusta ,virginia,28.1,70.3
Bath ,virginia,40.3,57.4
Bedford ,virginia,26.8,71.9
Bedford City ,virginia,43.8,54.6
Bland ,virginia,25,73
Botetourt ,virginia,29.9,68.5
Bristol ,virginia,33.8,64.9
Brunswick ,virginia,62.2,36.9
Buchanan ,virginia,32.1,66.8
Buckingham ,virginia,50.3,47.9
Buena Vista ,virginia,36.4,61.9
Campbell ,virginia,29.6,69
Caroline ,virginia,53.4,45.2
Carroll ,virginia,28.4,67.8
Charles City ,virginia,65.8,33.1
Charlotte ,virginia,42.4,56.1
Charlottesville ,virginia,75.8,22.4
Chesapeake ,virginia,50,48.9
Chesterfield ,virginia,45.8,52.9
Clarke ,virginia,41.9,55.6
Colonial Heights ,virginia,29.6,69.1
Covington ,virginia,56.6,41.9
Craig ,virginia,31.2,66
Culpeper ,virginia,41,57.4
Cumberland ,virginia,48.1,50.4
Danville ,virginia,60.6,38.5
Dickenson ,virginia,35.9,62.1
Dinwiddie ,virginia,48.2,50.7
Emporia ,virginia,66.6,32.9
Essex ,virginia,53.1,45.9
Fairfax ,virginia,59.3,39.5
Fairfax City ,virginia,57.3,41.1
Falls Church ,virginia,69.1,29.6
Fauquier ,virginia,39.3,59.3
Floyd ,virginia,35.8,61.3
Fluvanna ,virginia,46.3,52.5
Franklin ,virginia,34.1,62.6
Franklin City ,virginia,65,34.4
Frederick ,virginia,35,63
Fredericksburg ,virginia,62.4,35.6
Galax ,virginia,39.6,58.6
Giles ,virginia,36.2,61.8
Gloucester ,virginia,35.1,63.1
Goochland ,virginia,35.2,63.6
Grayson ,virginia,29.3,67.2
Greene ,virginia,36.5,61.8
Greensville ,virginia,63.7,35.9
Halifax ,virginia,46.6,52.2
Hampton ,virginia,72.1,26.8
Hanover ,virginia,31,67.7
Harrisonburg ,virginia,55.7,42.2
Henrico ,virginia,55.3,43.6
Henry ,virginia,41.4,56.1
Highland ,virginia,32.5,65.5
Hopewell ,virginia,57.5,41.5
Isle of Wight ,virginia,42.1,56.8
James City ,virginia,43.4,55.5
King and Queen ,virginia,47.8,51.1
King George ,virginia,39.7,58.5
King William ,virginia,37.5,61.4
Lancaster ,virginia,44.6,53.2
Lee ,virginia,27,71.4
Lexington ,virginia,55.4,42.8
Loudoun ,virginia,51.6,47.1
Louisa ,virginia,42.4,56.1
Lunenburg ,virginia,46.9,51.9
Lynchburg ,virginia,43.9,54.5
Madison ,virginia,40,58.6
Manassas ,virginia,55.9,42.6
Manassas Park ,virginia,62.1,36.7
Martinsville ,virginia,61.4,36.8
Mathews ,virginia,33.7,65
Mecklenburg ,virginia,45.8,53
Middlesex ,virginia,39.1,59.7
Montgomery ,virginia,48.6,48.9
Nelson ,virginia,50.7,48
New Kent ,virginia,32.5,66.2
Newport News ,virginia,64.4,34.4
Norfolk ,virginia,71.4,27.4
Northampton ,virginia,57.7,41.3
Northumberland ,virginia,42.2,57.1
Norton ,virginia,38.1,60.2
Nottoway ,virginia,48.9,49.8
Orange ,virginia,42.1,56.6
Page ,virginia,36.5,62.2
Patrick ,virginia,29.3,68.2
Petersburg ,virginia,90,9.6
Pittsylvania ,virginia,35.5,63
Poquoson ,virginia,23.7,74.8
Portsmouth ,virginia,69.3,29.6
Powhatan ,virginia,26.3,72.4
Prince Edward ,virginia,55.6,42.8
Prince George ,virginia,44.7,54.4
Prince William ,virginia,57.4,41.4
Pulaski ,virginia,36.1,60.8
Radford ,virginia,50.8,46.8
Rappahannock ,virginia,45.5,53.3
Richmond ,virginia,41.8,57.3
Richmond City ,virginia,77.1,21.4
Roanoke ,virginia,36.4,62
Roanoke City ,virginia,59.2,37.7
Rockbridge ,virginia,40.2,58.1
Rockingham ,virginia,28.9,69.5
Russell ,virginia,30.8,67.8
Salem ,virginia,38.8,59.4
Scott ,virginia,24,74.7
Shenandoah ,virginia,33.5,64.9
Smyth ,virginia,32.7,65.7
Southampton ,virginia,47.9,51.1
Spotsylvania ,virginia,43.5,55.1
Stafford ,virginia,45,53.7
Staunton ,virginia,51.2,47.1
Suffolk ,virginia,57.1,41.9
Surry ,virginia,59.8,38.8
Sussex ,virginia,61.8,37.3
Tazewell ,virginia,20.7,78.2
Virginia Beach ,virginia,48.1,50.6
Warren ,virginia,38.8,59.3
Washington ,virginia,27.7,70.9
Waynesboro ,virginia,43.7,54.6
Westmoreland ,virginia,47.8,47.4
Williamsburg ,virginia,63.5,34.7
Winchester ,virginia,49.6,48.2
Wise ,virginia,25.1,73.9
Wythe ,virginia,30.7,67.5
York ,virginia,38.9,59.6
Adams ,washington,32.2,66.1
Asotin ,washington,40.4,57.1
Benton ,washington,35.3,62.3
Chelan ,washington,40.6,57.2
Clallam ,washington,48.8,48.5
Clark ,washington,48.9,48.8
Columbia ,washington,28.5,69.5
Cowlitz ,washington,51,46.5
Douglas ,washington,34.4,63.3
Ferry ,washington,37.6,58
Franklin ,washington,37.3,60.5
Garfield ,washington,26.3,71.5
Grant ,washington,32.4,64.9
Grays Harbor ,washington,55.6,41.6
Island ,washington,51,46.6
Jefferson ,washington,64,32.7
King ,washington,68.8,28.9
Kitsap ,washington,54.4,43.1
Kittitas ,washington,42.6,55.3
Klickitat ,washington,44.3,52.1
Lewis ,washington,37.1,60.6
Lincoln ,washington,28.4,69.3
Mason ,washington,52.2,45.3
Okanogan ,washington,41.1,56
Pacific ,washington,54.3,42.8
Pend Oreille ,washington,37.6,59.3
Pierce ,washington,54.3,43.4
San Juan ,washington,67.1,29.6
Skagit ,washington,51.8,45.7
Skamania ,washington,48,49.3
Snohomish ,washington,56.9,40.6
Spokane ,washington,45.6,51.7
Stevens ,washington,34.9,62.3
Thurston ,washington,58.1,39.1
Wahkiakum ,washington,47.7,48.8
Walla Walla ,washington,38.1,59.5
Whatcom ,washington,54.6,42.5
Whitman ,washington,46.5,50.2
Yakima ,washington,42,56.1
Barbour ,west virginia,30.7,66.4
Berkeley ,west virginia,38.4,59.7
Boone ,west virginia,32.9,64.2
Braxton ,west virginia,41.7,56.6
Brooke ,west virginia,43.2,54.4
Cabell ,west virginia,42.1,56
Calhoun ,west virginia,37.1,59.7
Clay ,west virginia,30.8,65.5
Doddridge ,west virginia,20.8,76.9
Fayette ,west virginia,38.4,59.4
Gilmer ,west virginia,33.4,63.7
Grant ,west virginia,15.6,82.6
Greenbrier ,west virginia,36.4,61.2
Hampshire ,west virginia,28.8,69.2
Hancock ,west virginia,38.1,59.7
Hardy ,west virginia,28.7,68.4
Harrison ,west virginia,37.2,60.7
Jackson ,west virginia,33.4,64.2
Jefferson ,west virginia,46.9,50.9
Kanawha ,west virginia,43.2,55.1
Lewis ,west virginia,27.5,69.7
Lincoln ,west virginia,32.7,64.3
Logan ,west virginia,29.1,68.8
Marion ,west virginia,41.6,55.9
Marshall ,west virginia,34.5,63
Mason ,west virginia,38.5,58.7
McDowell ,west virginia,34,64.1
Mercer ,west virginia,25.5,72.6
Mineral ,west virginia,26.3,71.3
Mingo ,west virginia,27.5,70.1
Monongalia ,west virginia,43.9,53.5
Monroe ,west virginia,28,69.3
Morgan ,west virginia,33.6,64.1
Nicholas ,west virginia,30.4,67.1
Ohio ,west virginia,37.8,60.3
Pendleton ,west virginia,33.1,64.7
Pleasants ,west virginia,33.6,64.3
Pocahontas ,west virginia,36.5,61
Preston ,west virginia,26.3,70.7
Putnam ,west virginia,30.6,67.8
Raleigh ,west virginia,26.8,71.5
Randolph ,west virginia,34.2,63.2
Ritchie ,west virginia,20.3,77.1
Roane ,west virginia,38.4,59.1
Summers ,west virginia,34.2,63
Taylor ,west virginia,32.8,65
Tucker ,west virginia,28.1,69.3
Tyler ,west virginia,27.1,70.6
Upshur ,west virginia,26.2,71.7
Wayne ,west virginia,35.3,62.3
Webster ,west virginia,34.2,62.2
Wetzel ,west virginia,37.8,59.4
Wirt ,west virginia,31.1,65.7
Wood ,west virginia,32.9,65.4
Wyoming ,west virginia,21,76.7
Adams ,wisconsin,54,45.2
Ashland ,wisconsin,64.6,33.8
Barron ,wisconsin,48.2,50.5
Bayfield ,wisconsin,61.7,36.9
Brown ,wisconsin,48.6,50.4
Buffalo ,wisconsin,50.9,47.8
Burnett ,wisconsin,46.1,52.6
Calumet ,wisconsin,43.6,55.1
Chippewa ,wisconsin,49.2,49.7
Clark ,wisconsin,44.9,53.8
Columbia ,wisconsin,56.3,42.7
Crawford ,wisconsin,59.3,39.3
Dane ,wisconsin,71.1,27.6
Dodge ,wisconsin,42.2,56.8
Door ,wisconsin,53,46.1
Douglas ,wisconsin,65,33.7
Dunn ,wisconsin,51.6,46.6
Eau Claire ,wisconsin,56.1,42.5
Florence ,wisconsin,36.4,62.8
Fond du Lac ,wisconsin,42,56.9
Forest ,wisconsin,52.1,46.8
Grant ,wisconsin,56.2,42.4
Green ,wisconsin,58,40.7
Green Lake ,wisconsin,39.2,59.8
Iowa ,wisconsin,64.7,34.4
Iron ,wisconsin,49.3,49.4
Jackson ,wisconsin,57,42
Jefferson ,wisconsin,45.6,53.2
Juneau ,wisconsin,52.9,45.8
Kenosha ,wisconsin,55.6,43.3
Kewaunee ,wisconsin,46.8,52.2
La Crosse ,wisconsin,58,40.7
Lafayette ,wisconsin,57.2,41.8
Langlade ,wisconsin,43.6,55.4
Lincoln ,wisconsin,49.8,49.1
Manitowoc ,wisconsin,48,50.8
Marathon ,wisconsin,46.4,52.5
Marinette ,wisconsin,47.6,51.2
Marquette ,wisconsin,51.8,47.3
Menominee ,wisconsin,86.6,13
Milwaukee ,wisconsin,66.8,32.3
Monroe ,wisconsin,49,49.7
Oconto ,wisconsin,44.7,54.2
Oneida ,wisconsin,48.4,50.5
Outagamie ,wisconsin,48.4,50.2
Ozaukee ,wisconsin,34.3,64.8
Pepin ,wisconsin,50.7,48.5
Pierce ,wisconsin,48.8,49.6
Polk ,wisconsin,44.7,53.7
Portage ,wisconsin,56.3,42.4
Price ,wisconsin,49.3,49.3
Racine ,wisconsin,51.4,47.8
Richland ,wisconsin,57.5,41.4
Rock ,wisconsin,61.1,37.9
Rusk ,wisconsin,47.3,51.2
Sauk ,wisconsin,58.8,40.3
Sawyer ,wisconsin,49.8,49.3
Shawano ,wisconsin,44.5,54.5
Sheboygan ,wisconsin,44.8,54.2
St. Croix ,wisconsin,43.2,55.4
Taylor ,wisconsin,39.6,59
Trempealeau ,wisconsin,56.5,42.4
Vernon ,wisconsin,56.5,41.8
Vilas ,wisconsin,43,56.1
Walworth ,wisconsin,43.2,55.6
Washburn ,wisconsin,48,50.8
Washington ,wisconsin,29.5,69.6
Waukesha ,wisconsin,32.2,67
Waupaca ,wisconsin,44.8,54.2
Waushara ,wisconsin,44.4,54.6
Winnebago ,wisconsin,51.1,47.4
Wood ,wisconsin,47.8,50.8
Albany ,wyoming,46.4,48.9
Big Horn ,wyoming,16.5,81.1
Campbell ,wyoming,12.4,85.6
Carbon ,wyoming,32.6,64.3
Converse ,wyoming,17.3,80.2
Crook ,wyoming,11.6,85
Fremont ,wyoming,31.7,65.8
Goshen ,wyoming,25.3,72.6
Hot Springs ,wyoming,21,75.9
Johnson ,wyoming,17.8,79.7
Laramie ,wyoming,36.3,61.1
Lincoln ,wyoming,15,83.3
Natrona ,wyoming,28,69
Niobrara ,wyoming,15.8,80.6
Park ,wyoming,20.2,77.5
Platte ,wyoming,27.2,69.7
Sheridan ,wyoming,25.4,72.2
Sublette ,wyoming,17.7,80.1
Sweetwater ,wyoming,28.5,68.2
Teton ,wyoming,54.7,42.8
Uinta ,wyoming,19.3,78.2
Washakie ,wyoming,20.3,77
Weston ,wyoming,12.7,84.9